split,node_id,n_samples,mean_target_binary,mean_target,n_rules,rules
validation,162,4062,0.4862136878385032,-0.027572624322993598,6,"['slope_ema_60m_normalized <= 0.0000', 'price_z > -1.0372', 'minute_of_day <= 610.5000', 'ema_60m_normalized > 0.0002', 'volatility_60m <= 0.0019', 'minute_of_day <= 238.5000']"
validation,192,1452,0.550275482093664,0.10055096418732783,4,"['slope_ema_60m_normalized <= 0.0000', 'price_z > -1.0372', 'minute_of_day > 610.5000', 'ema_15m_normalized <= -0.0002']"
validation,153,10813,0.5233515213169333,0.04605567372607047,6,"['slope_ema_60m_normalized <= 0.0000', 'price_z > -1.0372', 'minute_of_day <= 610.5000', 'ema_60m_normalized <= 0.0002', 'minute_of_day > 257.5000', 'momentum_30m > -0.0014']"
validation,89,13,0.9230769230769231,0.8461538461538461,6,"['slope_ema_60m_normalized <= 0.0000', 'price_z <= -1.0372', 'minute_of_day > 203.5000', 'dist_from_low_30m <= 0.0011', 'macd_signal_normalized > -0.0014', 'atr_14 > 0.0009']"
validation,407,610,0.4459016393442623,-0.10983606557377049,7,"['slope_ema_60m_normalized > 0.0000', 'price_normalized > 0.0008', 'atr_14 <= 0.0006', 'price_normalized <= 0.0019', 'ema_30m_z > 1.2758', 'minute_of_day > 911.5000', 'day_of_week <= 3.5000']"
validation,260,10810,0.5143385753931545,0.026549491211840887,7,"['slope_ema_60m_normalized > 0.0000', 'price_normalized <= 0.0008', 'minute_of_day <= 913.5000', 'rsi_14 <= 73.9262', 'volatility_30m <= 0.0001', 'minute_of_day <= 901.5000', 'price_normalized <= 0.0003']"
validation,116,605,0.5173553719008265,0.03305785123966942,8,"['slope_ema_60m_normalized <= 0.0000', 'price_z <= -1.0372', 'minute_of_day > 203.5000', 'dist_from_low_30m > 0.0011', 'momentum_60m > -0.0244', 'ema_60m_z <= -2.2228', 'volatility_15m <= 0.0019', 'bb_position_20 > 0.2608']"
validation,47,341,0.4868035190615836,-0.02932551319648094,8,"['slope_ema_60m_normalized <= 0.0000', 'price_z <= -1.0372', 'minute_of_day <= 203.5000', 'ema_60m_normalized > 0.0013', 'day_of_week <= 1.5000', 'momentum_30m > -0.0306', 'slope_ema_15m_normalized <= -0.0000', 'volatility_15m > 0.0005']"
validation,252,218,0.6009174311926605,0.19724770642201836,8,"['slope_ema_60m_normalized <= 0.0000', 'price_z > -1.0372', 'minute_of_day > 610.5000', 'ema_15m_normalized > -0.0002', 'macd_normalized > 0.0000', 'bb_position_20 > 0.5050', 'momentum_60m > -0.0010', 'minute_of_day <= 903.5000']"
validation,145,10863,0.5227837613918807,0.044923133572677895,5,"['slope_ema_60m_normalized <= 0.0000', 'price_z > -1.0372', 'minute_of_day <= 610.5000', 'ema_60m_normalized <= 0.0002', 'minute_of_day > 257.5000']"
validation,234,102,0.5882352941176471,0.17647058823529413,8,"['slope_ema_60m_normalized <= 0.0000', 'price_z > -1.0372', 'minute_of_day > 610.5000', 'ema_15m_normalized > -0.0002', 'macd_normalized <= 0.0000', 'volatility_60m > 0.0005', 'dist_from_low_30m <= 0.0030', 'volatility_15m <= 0.0011']"
validation,243,398,0.5276381909547738,0.05527638190954774,8,"['slope_ema_60m_normalized <= 0.0000', 'price_z > -1.0372', 'minute_of_day > 610.5000', 'ema_15m_normalized > -0.0002', 'macd_normalized > 0.0000', 'bb_position_20 <= 0.5050', 'volatility_60m <= 0.0001', 'price_range > 0.0001']"
validation,348,78,0.6153846153846154,0.23076923076923078,7,"['slope_ema_60m_normalized > 0.0000', 'price_normalized <= 0.0008', 'minute_of_day > 913.5000', 'minute_of_day <= 939.5000', 'ema_30m_z > 2.4003', 'volatility_15m > 0.0001', 'day_of_week > 1.5000']"
validation,392,547,0.4625228519195612,-0.07495429616087751,8,"['slope_ema_60m_normalized > 0.0000', 'price_normalized > 0.0008', 'atr_14 <= 0.0006', 'price_normalized <= 0.0019', 'ema_30m_z <= 1.2758', 'ema_10m_normalized <= 0.0001', 'atr_14 > 0.0004', 'ema_30m_normalized > -0.0009']"
validation,353,2201,0.4825079509313948,-0.03498409813721036,6,"['slope_ema_60m_normalized > 0.0000', 'price_normalized <= 0.0008', 'minute_of_day > 913.5000', 'minute_of_day > 939.5000', 'minute_of_day <= 982.5000', 'momentum_60m <= 0.0012']"
validation,222,330,0.5151515151515151,0.030303030303030304,8,"['slope_ema_60m_normalized <= 0.0000', 'price_z > -1.0372', 'minute_of_day > 610.5000', 'ema_15m_normalized <= -0.0002', 'ema_30m_normalized > -0.0003', 'ema_60m_z > -1.7468', 'minute_of_day > 707.5000', 'return_lag_2 > -0.0004']"
validation,154,9662,0.5262885530945974,0.05185261850548541,7,"['slope_ema_60m_normalized <= 0.0000', 'price_z > -1.0372', 'minute_of_day <= 610.5000', 'ema_60m_normalized <= 0.0002', 'minute_of_day > 257.5000', 'momentum_30m > -0.0014', 'momentum_60m <= 0.0006']"
validation,247,328,0.625,0.24695121951219512,6,"['slope_ema_60m_normalized <= 0.0000', 'price_z > -1.0372', 'minute_of_day > 610.5000', 'ema_15m_normalized > -0.0002', 'macd_normalized > 0.0000', 'bb_position_20 > 0.5050']"
validation,0,206648,0.5146287406604467,0.028488056985792265,0,[]
validation,232,127,0.6062992125984252,0.2125984251968504,6,"['slope_ema_60m_normalized <= 0.0000', 'price_z > -1.0372', 'minute_of_day > 610.5000', 'ema_15m_normalized > -0.0002', 'macd_normalized <= 0.0000', 'volatility_60m > 0.0005']"
validation,155,9118,0.5224830006580391,0.04419828909848651,8,"['slope_ema_60m_normalized <= 0.0000', 'price_z > -1.0372', 'minute_of_day <= 610.5000', 'ema_60m_normalized <= 0.0002', 'minute_of_day > 257.5000', 'momentum_30m > -0.0014', 'momentum_60m <= 0.0006', 'dist_from_high_30m <= -0.0002']"
validation,128,28540,0.5133496846531185,0.026103714085494042,3,"['slope_ema_60m_normalized <= 0.0000', 'price_z > -1.0372', 'minute_of_day <= 610.5000']"
validation,354,2147,0.4848625989753144,-0.030274802049371215,7,"['slope_ema_60m_normalized > 0.0000', 'price_normalized <= 0.0008', 'minute_of_day > 913.5000', 'minute_of_day > 939.5000', 'minute_of_day <= 982.5000', 'momentum_60m <= 0.0012', 'ema_15m_z <= 3.1388']"
validation,251,279,0.6308243727598566,0.25806451612903225,7,"['slope_ema_60m_normalized <= 0.0000', 'price_z > -1.0372', 'minute_of_day > 610.5000', 'ema_15m_normalized > -0.0002', 'macd_normalized > 0.0000', 'bb_position_20 > 0.5050', 'momentum_60m > -0.0010']"
validation,220,332,0.5180722891566265,0.03614457831325301,7,"['slope_ema_60m_normalized <= 0.0000', 'price_z > -1.0372', 'minute_of_day > 610.5000', 'ema_15m_normalized <= -0.0002', 'ema_30m_normalized > -0.0003', 'ema_60m_z > -1.7468', 'minute_of_day > 707.5000']"
validation,159,497,0.5110663983903421,0.022132796780684104,8,"['slope_ema_60m_normalized <= 0.0000', 'price_z > -1.0372', 'minute_of_day <= 610.5000', 'ema_60m_normalized <= 0.0002', 'minute_of_day > 257.5000', 'momentum_30m > -0.0014', 'momentum_60m > 0.0006', 'day_of_week > 2.5000']"
validation,208,1194,0.5418760469011725,0.08375209380234507,5,"['slope_ema_60m_normalized <= 0.0000', 'price_z > -1.0372', 'minute_of_day > 610.5000', 'ema_15m_normalized <= -0.0002', 'ema_30m_normalized > -0.0003']"
validation,90,13,0.9230769230769231,0.8461538461538461,7,"['slope_ema_60m_normalized <= 0.0000', 'price_z <= -1.0372', 'minute_of_day > 203.5000', 'dist_from_low_30m <= 0.0011', 'macd_signal_normalized > -0.0014', 'atr_14 > 0.0009', 'atr_14 <= 0.0013']"
validation,113,749,0.5086782376502003,0.01602136181575434,6,"['slope_ema_60m_normalized <= 0.0000', 'price_z <= -1.0372', 'minute_of_day > 203.5000', 'dist_from_low_30m > 0.0011', 'momentum_60m > -0.0244', 'ema_60m_z <= -2.2228']"
validation,175,481,0.5363825363825364,0.07276507276507277,8,"['slope_ema_60m_normalized <= 0.0000', 'price_z > -1.0372', 'minute_of_day <= 610.5000', 'ema_60m_normalized > 0.0002', 'volatility_60m <= 0.0019', 'minute_of_day > 238.5000', 'volatility_30m > 0.0001', 'atr_14 > 0.0005']"
validation,454,44,0.29545454545454547,-0.4318181818181818,6,"['slope_ema_60m_normalized > 0.0000', 'price_normalized > 0.0008', 'atr_14 > 0.0006', 'volatility_15m <= 0.0017', 'ema_30m_z <= 1.2916', 'volatility_30m > 0.0007']"
validation,44,995,0.44221105527638194,-0.1185929648241206,6,"['slope_ema_60m_normalized <= 0.0000', 'price_z <= -1.0372', 'minute_of_day <= 203.5000', 'ema_60m_normalized > 0.0013', 'day_of_week <= 1.5000', 'momentum_30m > -0.0306']"
validation,91,13,0.9230769230769231,0.8461538461538461,8,"['slope_ema_60m_normalized <= 0.0000', 'price_z <= -1.0372', 'minute_of_day > 203.5000', 'dist_from_low_30m <= 0.0011', 'macd_signal_normalized > -0.0014', 'atr_14 > 0.0009', 'atr_14 <= 0.0013', 'volatility_30m <= 0.0010']"
validation,151,10,0.8,0.6,8,"['slope_ema_60m_normalized <= 0.0000', 'price_z > -1.0372', 'minute_of_day <= 610.5000', 'ema_60m_normalized <= 0.0002', 'minute_of_day > 257.5000', 'momentum_30m <= -0.0014', 'slope_ema_30m_normalized > -0.0000', 'momentum_60m <= 0.0018']"
validation,114,742,0.5107816711590296,0.02021563342318059,7,"['slope_ema_60m_normalized <= 0.0000', 'price_z <= -1.0372', 'minute_of_day > 203.5000', 'dist_from_low_30m > 0.0011', 'momentum_60m > -0.0244', 'ema_60m_z <= -2.2228', 'volatility_15m <= 0.0019']"
validation,449,20,0.5,0.0,8,"['slope_ema_60m_normalized > 0.0000', 'price_normalized > 0.0008', 'atr_14 > 0.0006', 'volatility_15m <= 0.0017', 'ema_30m_z <= 1.2916', 'volatility_30m <= 0.0007', 'dist_from_low_30m <= 0.0021', 'price_normalized <= 0.0029']"
validation,166,1064,0.5169172932330827,0.03383458646616541,7,"['slope_ema_60m_normalized <= 0.0000', 'price_z > -1.0372', 'minute_of_day <= 610.5000', 'ema_60m_normalized > 0.0002', 'volatility_60m <= 0.0019', 'minute_of_day <= 238.5000', 'atr_14 > 0.0004']"
validation,8,406,0.5221674876847291,0.04187192118226601,8,"['slope_ema_60m_normalized <= 0.0000', 'price_z <= -1.0372', 'minute_of_day <= 203.5000', 'ema_60m_normalized <= 0.0013', 'atr_14 <= 0.0002', 'dist_from_high_30m <= -0.0008', 'slope_ema_60m_normalized <= -0.0000', 'volatility_30m <= 0.0002']"
validation,455,44,0.29545454545454547,-0.4318181818181818,7,"['slope_ema_60m_normalized > 0.0000', 'price_normalized > 0.0008', 'atr_14 > 0.0006', 'volatility_15m <= 0.0017', 'ema_30m_z <= 1.2916', 'volatility_30m > 0.0007', 'volatility_60m <= 0.0022']"
validation,36,995,0.44221105527638194,-0.1185929648241206,5,"['slope_ema_60m_normalized <= 0.0000', 'price_z <= -1.0372', 'minute_of_day <= 203.5000', 'ema_60m_normalized > 0.0013', 'day_of_week <= 1.5000']"
validation,127,48278,0.5271552259828494,0.053730477650275485,2,"['slope_ema_60m_normalized <= 0.0000', 'price_z > -1.0372']"
validation,246,810,0.5432098765432098,0.08641975308641975,8,"['slope_ema_60m_normalized <= 0.0000', 'price_z > -1.0372', 'minute_of_day > 610.5000', 'ema_15m_normalized > -0.0002', 'macd_normalized > 0.0000', 'bb_position_20 <= 0.5050', 'volatility_60m > 0.0001', 'atr_14 > 0.0002']"
validation,161,14866,0.5100228709807615,0.019507601237723663,5,"['slope_ema_60m_normalized <= 0.0000', 'price_z > -1.0372', 'minute_of_day <= 610.5000', 'ema_60m_normalized > 0.0002', 'volatility_60m <= 0.0019']"
validation,3,5681,0.49779968315437423,-0.005632811124801971,3,"['slope_ema_60m_normalized <= 0.0000', 'price_z <= -1.0372', 'minute_of_day <= 203.5000']"
validation,160,14866,0.5100228709807615,0.019507601237723663,4,"['slope_ema_60m_normalized <= 0.0000', 'price_z > -1.0372', 'minute_of_day <= 610.5000', 'ema_60m_normalized > 0.0002']"
validation,239,2773,0.5456184637576632,0.09087630724846736,5,"['slope_ema_60m_normalized <= 0.0000', 'price_z > -1.0372', 'minute_of_day > 610.5000', 'ema_15m_normalized > -0.0002', 'macd_normalized > 0.0000']"
validation,216,650,0.5446153846153846,0.08923076923076922,6,"['slope_ema_60m_normalized <= 0.0000', 'price_z > -1.0372', 'minute_of_day > 610.5000', 'ema_15m_normalized <= -0.0002', 'ema_30m_normalized > -0.0003', 'ema_60m_z > -1.7468']"
validation,423,719,0.4047287899860918,-0.1905424200278164,7,"['slope_ema_60m_normalized > 0.0000', 'price_normalized > 0.0008', 'atr_14 <= 0.0006', 'price_normalized > 0.0019', 'day_of_week <= 3.5000', 'minute_of_day > 573.5000', 'minute_of_day <= 684.5000']"
validation,33,590,0.4711864406779661,-0.0576271186440678,8,"['slope_ema_60m_normalized <= 0.0000', 'price_z <= -1.0372', 'minute_of_day <= 203.5000', 'ema_60m_normalized <= 0.0013', 'atr_14 > 0.0002', 'volatility_60m > 0.0001', 'volatility_30m > 0.0003', 'day_of_week <= 3.5000']"
validation,56,44,0.45454545454545453,-0.09090909090909091,7,"['slope_ema_60m_normalized <= 0.0000', 'price_z <= -1.0372', 'minute_of_day <= 203.5000', 'ema_60m_normalized > 0.0013', 'day_of_week > 1.5000', 'minute_of_day <= 162.5000', 'slope_ema_10m_normalized > -0.0000']"
validation,61,144,0.5416666666666666,0.08333333333333333,8,"['slope_ema_60m_normalized <= 0.0000', 'price_z <= -1.0372', 'minute_of_day <= 203.5000', 'ema_60m_normalized > 0.0013', 'day_of_week > 1.5000', 'minute_of_day > 162.5000', 'ema_10m_normalized <= 0.0005', 'volatility_60m <= 0.0006']"
validation,80,3,0.0,-1.0,8,"['slope_ema_60m_normalized <= 0.0000', 'price_z <= -1.0372', 'minute_of_day > 203.5000', 'dist_from_low_30m <= 0.0011', 'macd_signal_normalized <= -0.0014', 'volatility_60m > 0.0002', 'ema_15m_z > -1.0868', 'ema_5m_normalized > 0.0005']"
validation,45,978,0.44785276073619634,-0.10736196319018405,7,"['slope_ema_60m_normalized <= 0.0000', 'price_z <= -1.0372', 'minute_of_day <= 203.5000', 'ema_60m_normalized > 0.0013', 'day_of_week <= 1.5000', 'momentum_30m > -0.0306', 'slope_ema_15m_normalized <= -0.0000']"
validation,124,156,0.5897435897435898,0.1794871794871795,7,"['slope_ema_60m_normalized <= 0.0000', 'price_z <= -1.0372', 'minute_of_day > 203.5000', 'dist_from_low_30m > 0.0011', 'momentum_60m > -0.0244', 'ema_60m_z > -2.2228', 'ema_60m_z > -1.5912']"
validation,448,20,0.5,0.0,7,"['slope_ema_60m_normalized > 0.0000', 'price_normalized > 0.0008', 'atr_14 > 0.0006', 'volatility_15m <= 0.0017', 'ema_30m_z <= 1.2916', 'volatility_30m <= 0.0007', 'dist_from_low_30m <= 0.0021']"
validation,173,10626,0.517880670054583,0.03500846979107849,7,"['slope_ema_60m_normalized <= 0.0000', 'price_z > -1.0372', 'minute_of_day <= 610.5000', 'ema_60m_normalized > 0.0002', 'volatility_60m <= 0.0019', 'minute_of_day > 238.5000', 'volatility_30m > 0.0001']"
validation,412,49,0.20408163265306123,-0.5918367346938775,8,"['slope_ema_60m_normalized > 0.0000', 'price_normalized > 0.0008', 'atr_14 <= 0.0006', 'price_normalized <= 0.0019', 'ema_30m_z > 1.2758', 'minute_of_day > 911.5000', 'day_of_week > 3.5000', 'ema_60m_z > 2.2411']"
validation,169,10804,0.5189744539059608,0.03720844131803036,6,"['slope_ema_60m_normalized <= 0.0000', 'price_z > -1.0372', 'minute_of_day <= 610.5000', 'ema_60m_normalized > 0.0002', 'volatility_60m <= 0.0019', 'minute_of_day > 238.5000']"
validation,214,75,0.5866666666666667,0.17333333333333334,8,"['slope_ema_60m_normalized <= 0.0000', 'price_z > -1.0372', 'minute_of_day > 610.5000', 'ema_15m_normalized <= -0.0002', 'ema_30m_normalized > -0.0003', 'ema_60m_z <= -1.7468', 'minute_of_day > 901.5000', 'dist_from_low_30m <= 0.0024']"
validation,456,22,0.4090909090909091,-0.18181818181818182,8,"['slope_ema_60m_normalized > 0.0000', 'price_normalized > 0.0008', 'atr_14 > 0.0006', 'volatility_15m <= 0.0017', 'ema_30m_z <= 1.2916', 'volatility_30m > 0.0007', 'volatility_60m <= 0.0022', 'minute_of_day <= 688.5000']"
validation,319,5913,0.52190089633012,0.042448841535599524,3,"['slope_ema_60m_normalized > 0.0000', 'price_normalized <= 0.0008', 'minute_of_day > 913.5000']"
validation,191,19738,0.5471172357888338,0.09367717093930489,3,"['slope_ema_60m_normalized <= 0.0000', 'price_z > -1.0372', 'minute_of_day > 610.5000']"
validation,126,63,0.5079365079365079,0.015873015873015872,8,"['slope_ema_60m_normalized <= 0.0000', 'price_z <= -1.0372', 'minute_of_day > 203.5000', 'dist_from_low_30m > 0.0011', 'momentum_60m > -0.0244', 'ema_60m_z > -2.2228', 'ema_60m_z > -1.5912', 'volatility_60m > 0.0004']"
validation,231,6,1.0,1.0,8,"['slope_ema_60m_normalized <= 0.0000', 'price_z > -1.0372', 'minute_of_day > 610.5000', 'ema_15m_normalized > -0.0002', 'macd_normalized <= 0.0000', 'volatility_60m <= 0.0005', 'ema_15m_z > 1.5255', 'ema_30m_z > 1.1990']"
validation,167,831,0.5439229843561973,0.08784596871239471,8,"['slope_ema_60m_normalized <= 0.0000', 'price_z > -1.0372', 'minute_of_day <= 610.5000', 'ema_60m_normalized > 0.0002', 'volatility_60m <= 0.0019', 'minute_of_day <= 238.5000', 'atr_14 > 0.0004', 'ema_60m_z <= -0.4328']"
validation,1,96772,0.5345967841937751,0.0685528871987765,1,['slope_ema_60m_normalized <= 0.0000']
validation,240,2445,0.5349693251533743,0.06993865030674846,6,"['slope_ema_60m_normalized <= 0.0000', 'price_z > -1.0372', 'minute_of_day > 610.5000', 'ema_15m_normalized > -0.0002', 'macd_normalized > 0.0000', 'bb_position_20 <= 0.5050']"
validation,174,10145,0.5170034499753573,0.033218334154756037,8,"['slope_ema_60m_normalized <= 0.0000', 'price_z > -1.0372', 'minute_of_day <= 610.5000', 'ema_60m_normalized > 0.0002', 'volatility_60m <= 0.0019', 'minute_of_day > 238.5000', 'volatility_30m > 0.0001', 'atr_14 <= 0.0005']"
validation,313,0,0.0,0.0,7,"['slope_ema_60m_normalized > 0.0000', 'price_normalized <= 0.0008', 'minute_of_day <= 913.5000', 'rsi_14 > 73.9262', 'ema_30m_z > -0.2978', 'volatility_60m > 0.0005', 'dist_from_high_30m <= -0.0007']"
validation,425,452,0.4314159292035398,-0.13716814159292035,8,"['slope_ema_60m_normalized > 0.0000', 'price_normalized > 0.0008', 'atr_14 <= 0.0006', 'price_normalized > 0.0019', 'day_of_week <= 3.5000', 'minute_of_day > 573.5000', 'minute_of_day <= 684.5000', 'volatility_60m > 0.0003']"
validation,223,18286,0.5468664552116373,0.09313135732254184,4,"['slope_ema_60m_normalized <= 0.0000', 'price_z > -1.0372', 'minute_of_day > 610.5000', 'ema_15m_normalized > -0.0002']"
validation,244,1640,0.5335365853658537,0.06707317073170732,7,"['slope_ema_60m_normalized <= 0.0000', 'price_z > -1.0372', 'minute_of_day > 610.5000', 'ema_15m_normalized > -0.0002', 'macd_normalized > 0.0000', 'bb_position_20 <= 0.5050', 'volatility_60m > 0.0001']"
validation,85,2751,0.5597964376590331,0.11886586695747,8,"['slope_ema_60m_normalized <= 0.0000', 'price_z <= -1.0372', 'minute_of_day > 203.5000', 'dist_from_low_30m <= 0.0011', 'macd_signal_normalized > -0.0014', 'atr_14 <= 0.0009', 'ema_15m_z <= -1.6245', 'minute_of_day > 886.5000']"
validation,112,1714,0.5367561260210035,0.07234539089848308,5,"['slope_ema_60m_normalized <= 0.0000', 'price_z <= -1.0372', 'minute_of_day > 203.5000', 'dist_from_low_30m > 0.0011', 'momentum_60m > -0.0244']"
validation,87,9338,0.529663739558792,0.059006211180124224,8,"['slope_ema_60m_normalized <= 0.0000', 'price_z <= -1.0372', 'minute_of_day > 203.5000', 'dist_from_low_30m <= 0.0011', 'macd_signal_normalized > -0.0014', 'atr_14 <= 0.0009', 'ema_15m_z > -1.6245', 'minute_of_day <= 646.5000']"
validation,253,61,0.7377049180327869,0.47540983606557374,8,"['slope_ema_60m_normalized <= 0.0000', 'price_z > -1.0372', 'minute_of_day > 610.5000', 'ema_15m_normalized > -0.0002', 'macd_normalized > 0.0000', 'bb_position_20 > 0.5050', 'momentum_60m > -0.0010', 'minute_of_day > 903.5000']"
validation,96,1714,0.5367561260210035,0.07234539089848308,4,"['slope_ema_60m_normalized <= 0.0000', 'price_z <= -1.0372', 'minute_of_day > 203.5000', 'dist_from_low_30m > 0.0011']"
validation,5,763,0.5609436435124509,0.12057667103538663,5,"['slope_ema_60m_normalized <= 0.0000', 'price_z <= -1.0372', 'minute_of_day <= 203.5000', 'ema_60m_normalized <= 0.0013', 'atr_14 <= 0.0002']"
validation,482,43,0.6744186046511628,0.32558139534883723,7,"['slope_ema_60m_normalized > 0.0000', 'price_normalized > 0.0008', 'atr_14 > 0.0006', 'volatility_15m > 0.0017', 'minute_of_day <= 848.5000', 'macd_signal_normalized <= 0.0122', 'macd_histogram_normalized > -0.0002']"
validation,318,0,0.0,0.0,8,"['slope_ema_60m_normalized > 0.0000', 'price_normalized <= 0.0008', 'minute_of_day <= 913.5000', 'rsi_14 > 73.9262', 'ema_30m_z > -0.2978', 'volatility_60m > 0.0005', 'dist_from_high_30m > -0.0007', 'day_of_week > 3.5000']"
validation,59,408,0.5490196078431373,0.09803921568627451,6,"['slope_ema_60m_normalized <= 0.0000', 'price_z <= -1.0372', 'minute_of_day <= 203.5000', 'ema_60m_normalized > 0.0013', 'day_of_week > 1.5000', 'minute_of_day > 162.5000']"
validation,58,39,0.46153846153846156,-0.07692307692307693,8,"['slope_ema_60m_normalized <= 0.0000', 'price_z <= -1.0372', 'minute_of_day <= 203.5000', 'ema_60m_normalized > 0.0013', 'day_of_week > 1.5000', 'minute_of_day <= 162.5000', 'slope_ema_10m_normalized > -0.0000', 'price_range > 0.0001']"
validation,224,15513,0.5470895378070005,0.09353445497324825,5,"['slope_ema_60m_normalized <= 0.0000', 'price_z > -1.0372', 'minute_of_day > 610.5000', 'ema_15m_normalized > -0.0002', 'macd_normalized <= 0.0000']"
validation,118,0,0.0,0.0,8,"['slope_ema_60m_normalized <= 0.0000', 'price_z <= -1.0372', 'minute_of_day > 203.5000', 'dist_from_low_30m > 0.0011', 'momentum_60m > -0.0244', 'ema_60m_z <= -2.2228', 'volatility_15m > 0.0019', 'momentum_60m <= -0.0149']"
validation,321,2990,0.5558528428093645,0.10903010033444815,5,"['slope_ema_60m_normalized > 0.0000', 'price_normalized <= 0.0008', 'minute_of_day > 913.5000', 'minute_of_day <= 939.5000', 'ema_30m_z <= 2.4003']"
validation,472,0,0.0,0.0,8,"['slope_ema_60m_normalized > 0.0000', 'price_normalized > 0.0008', 'atr_14 > 0.0006', 'volatility_15m <= 0.0017', 'ema_30m_z > 1.2916', 'minute_of_day > 536.5000', 'momentum_60m <= 0.0089', 'volatility_30m > 0.0008']"
validation,217,318,0.5723270440251572,0.14465408805031446,7,"['slope_ema_60m_normalized <= 0.0000', 'price_z > -1.0372', 'minute_of_day > 610.5000', 'ema_15m_normalized <= -0.0002', 'ema_30m_normalized > -0.0003', 'ema_60m_z > -1.7468', 'minute_of_day <= 707.5000']"
validation,395,114,0.39473684210526316,-0.21052631578947367,8,"['slope_ema_60m_normalized > 0.0000', 'price_normalized > 0.0008', 'atr_14 <= 0.0006', 'price_normalized <= 0.0019', 'ema_30m_z <= 1.2758', 'ema_10m_normalized > 0.0001', 'volatility_30m <= 0.0008', 'slope_ema_5m_normalized <= -0.0000']"
validation,54,180,0.5166666666666667,0.03333333333333333,8,"['slope_ema_60m_normalized <= 0.0000', 'price_z <= -1.0372', 'minute_of_day <= 203.5000', 'ema_60m_normalized > 0.0013', 'day_of_week > 1.5000', 'minute_of_day <= 162.5000', 'slope_ema_10m_normalized <= -0.0000', 'volatility_60m <= 0.0003']"
validation,356,1009,0.4519326065411298,-0.09613478691774034,8,"['slope_ema_60m_normalized > 0.0000', 'price_normalized <= 0.0008', 'minute_of_day > 913.5000', 'minute_of_day > 939.5000', 'minute_of_day <= 982.5000', 'momentum_60m <= 0.0012', 'ema_15m_z <= 3.1388', 'ema_30m_z > 1.4189']"
validation,86,15941,0.536478263597014,0.07245467662003638,7,"['slope_ema_60m_normalized <= 0.0000', 'price_z <= -1.0372', 'minute_of_day > 203.5000', 'dist_from_low_30m <= 0.0011', 'macd_signal_normalized > -0.0014', 'atr_14 <= 0.0009', 'ema_15m_z > -1.6245']"
validation,120,965,0.5585492227979275,0.11606217616580311,6,"['slope_ema_60m_normalized <= 0.0000', 'price_z <= -1.0372', 'minute_of_day > 203.5000', 'dist_from_low_30m > 0.0011', 'momentum_60m > -0.0244', 'ema_60m_z > -2.2228']"
validation,219,318,0.5723270440251572,0.14465408805031446,8,"['slope_ema_60m_normalized <= 0.0000', 'price_z > -1.0372', 'minute_of_day > 610.5000', 'ema_15m_normalized <= -0.0002', 'ema_30m_normalized > -0.0003', 'ema_60m_z > -1.7468', 'minute_of_day <= 707.5000', 'momentum_60m > -0.0192']"
validation,213,75,0.5866666666666667,0.17333333333333334,7,"['slope_ema_60m_normalized <= 0.0000', 'price_z > -1.0372', 'minute_of_day > 610.5000', 'ema_15m_normalized <= -0.0002', 'ema_30m_normalized > -0.0003', 'ema_60m_z <= -1.7468', 'minute_of_day > 901.5000']"
validation,227,15356,0.5463662412086481,0.09208127116436572,8,"['slope_ema_60m_normalized <= 0.0000', 'price_z > -1.0372', 'minute_of_day > 610.5000', 'ema_15m_normalized > -0.0002', 'macd_normalized <= 0.0000', 'volatility_60m <= 0.0005', 'ema_15m_z <= 1.5255', 'volatility_60m <= 0.0005']"
validation,146,50,0.4,-0.2,6,"['slope_ema_60m_normalized <= 0.0000', 'price_z > -1.0372', 'minute_of_day <= 610.5000', 'ema_60m_normalized <= 0.0002', 'minute_of_day > 257.5000', 'momentum_30m <= -0.0014']"
validation,225,15386,0.5466008059274665,0.09255167034966853,6,"['slope_ema_60m_normalized <= 0.0000', 'price_z > -1.0372', 'minute_of_day > 610.5000', 'ema_15m_normalized > -0.0002', 'macd_normalized <= 0.0000', 'volatility_60m <= 0.0005']"
validation,35,2018,0.48513379583746286,-0.031714568880079286,4,"['slope_ema_60m_normalized <= 0.0000', 'price_z <= -1.0372', 'minute_of_day <= 203.5000', 'ema_60m_normalized > 0.0013']"
validation,339,32,0.5625,0.125,8,"['slope_ema_60m_normalized > 0.0000', 'price_normalized <= 0.0008', 'minute_of_day > 913.5000', 'minute_of_day <= 939.5000', 'ema_30m_z > 2.4003', 'volatility_15m <= 0.0001', 'macd_histogram_normalized <= 0.0001', 'ema_10m_z <= 2.1906']"
validation,226,15356,0.5463662412086481,0.09208127116436572,7,"['slope_ema_60m_normalized <= 0.0000', 'price_z > -1.0372', 'minute_of_day > 610.5000', 'ema_15m_normalized > -0.0002', 'macd_normalized <= 0.0000', 'volatility_60m <= 0.0005', 'ema_15m_z <= 1.5255']"
validation,65,262,0.5572519083969466,0.11450381679389313,8,"['slope_ema_60m_normalized <= 0.0000', 'price_z <= -1.0372', 'minute_of_day <= 203.5000', 'ema_60m_normalized > 0.0013', 'day_of_week > 1.5000', 'minute_of_day > 162.5000', 'ema_10m_normalized > 0.0005', 'momentum_60m > -0.0081']"
validation,2,48494,0.542005196519157,0.0833092753742731,2,"['slope_ema_60m_normalized <= 0.0000', 'price_z <= -1.0372']"
validation,245,830,0.5240963855421686,0.04819277108433735,8,"['slope_ema_60m_normalized <= 0.0000', 'price_z > -1.0372', 'minute_of_day > 610.5000', 'ema_15m_normalized > -0.0002', 'macd_normalized > 0.0000', 'bb_position_20 <= 0.5050', 'volatility_60m > 0.0001', 'atr_14 <= 0.0002']"
validation,131,378,0.4470899470899471,-0.10846560846560846,6,"['slope_ema_60m_normalized <= 0.0000', 'price_z > -1.0372', 'minute_of_day <= 610.5000', 'ema_60m_normalized <= 0.0002', 'minute_of_day <= 257.5000', 'minute_of_day <= 145.5000']"
validation,122,806,0.5545905707196029,0.10794044665012408,8,"['slope_ema_60m_normalized <= 0.0000', 'price_z <= -1.0372', 'minute_of_day > 203.5000', 'dist_from_low_30m > 0.0011', 'momentum_60m > -0.0244', 'ema_60m_z > -2.2228', 'ema_60m_z <= -1.5912', 'volatility_30m <= 0.0011']"
validation,324,2833,0.555594775855983,0.10836569008118602,8,"['slope_ema_60m_normalized > 0.0000', 'price_normalized <= 0.0008', 'minute_of_day > 913.5000', 'minute_of_day <= 939.5000', 'ema_30m_z <= 2.4003', 'macd_signal_normalized <= 0.0006', 'dist_from_low_30m <= 0.0017', 'atr_14 <= 0.0003']"
validation,81,37608,0.5457083599234206,0.09075196766645395,5,"['slope_ema_60m_normalized <= 0.0000', 'price_z <= -1.0372', 'minute_of_day > 203.5000', 'dist_from_low_30m <= 0.0011', 'macd_signal_normalized > -0.0014']"
validation,477,43,0.6744186046511628,0.32558139534883723,5,"['slope_ema_60m_normalized > 0.0000', 'price_normalized > 0.0008', 'atr_14 > 0.0006', 'volatility_15m > 0.0017', 'minute_of_day <= 848.5000']"
validation,82,37595,0.5455778693975263,0.09049075674956776,6,"['slope_ema_60m_normalized <= 0.0000', 'price_z <= -1.0372', 'minute_of_day > 203.5000', 'dist_from_low_30m <= 0.0011', 'macd_signal_normalized > -0.0014', 'atr_14 <= 0.0009']"
validation,66,42813,0.5478709737696494,0.09511129797024269,3,"['slope_ema_60m_normalized <= 0.0000', 'price_z <= -1.0372', 'minute_of_day > 203.5000']"
validation,320,3262,0.552728387492336,0.10300429184549356,4,"['slope_ema_60m_normalized > 0.0000', 'price_normalized <= 0.0008', 'minute_of_day > 913.5000', 'minute_of_day <= 939.5000']"
validation,322,2910,0.5553264604810997,0.10790378006872853,6,"['slope_ema_60m_normalized > 0.0000', 'price_normalized <= 0.0008', 'minute_of_day > 913.5000', 'minute_of_day <= 939.5000', 'ema_30m_z <= 2.4003', 'macd_signal_normalized <= 0.0006']"
validation,115,137,0.48175182481751827,-0.0364963503649635,8,"['slope_ema_60m_normalized <= 0.0000', 'price_z <= -1.0372', 'minute_of_day > 203.5000', 'dist_from_low_30m > 0.0011', 'momentum_60m > -0.0244', 'ema_60m_z <= -2.2228', 'volatility_15m <= 0.0019', 'bb_position_20 <= 0.2608']"
validation,10,0,0.0,0.0,7,"['slope_ema_60m_normalized <= 0.0000', 'price_z <= -1.0372', 'minute_of_day <= 203.5000', 'ema_60m_normalized <= 0.0013', 'atr_14 <= 0.0002', 'dist_from_high_30m <= -0.0008', 'slope_ema_60m_normalized > -0.0000']"
validation,94,0,0.0,0.0,8,"['slope_ema_60m_normalized <= 0.0000', 'price_z <= -1.0372', 'minute_of_day > 203.5000', 'dist_from_low_30m <= 0.0011', 'macd_signal_normalized > -0.0014', 'atr_14 > 0.0009', 'atr_14 > 0.0013', 'minute_of_day <= 513.5000']"
validation,46,637,0.42700156985871274,-0.14913657770800628,8,"['slope_ema_60m_normalized <= 0.0000', 'price_z <= -1.0372', 'minute_of_day <= 203.5000', 'ema_60m_normalized > 0.0013', 'day_of_week <= 1.5000', 'momentum_30m > -0.0306', 'slope_ema_15m_normalized <= -0.0000', 'volatility_15m <= 0.0005']"
validation,121,809,0.5525339925834364,0.103831891223733,7,"['slope_ema_60m_normalized <= 0.0000', 'price_z <= -1.0372', 'minute_of_day > 203.5000', 'dist_from_low_30m > 0.0011', 'momentum_60m > -0.0244', 'ema_60m_z > -2.2228', 'ema_60m_z <= -1.5912']"
validation,67,41099,0.5483345093554588,0.09606073140465705,4,"['slope_ema_60m_normalized <= 0.0000', 'price_z <= -1.0372', 'minute_of_day > 203.5000', 'dist_from_low_30m <= 0.0011']"
validation,63,263,0.5551330798479087,0.11026615969581749,7,"['slope_ema_60m_normalized <= 0.0000', 'price_z <= -1.0372', 'minute_of_day <= 203.5000', 'ema_60m_normalized > 0.0013', 'day_of_week > 1.5000', 'minute_of_day > 162.5000', 'ema_10m_normalized > 0.0005']"
validation,88,6603,0.5461154020899591,0.09147357261850673,8,"['slope_ema_60m_normalized <= 0.0000', 'price_z <= -1.0372', 'minute_of_day > 203.5000', 'dist_from_low_30m <= 0.0011', 'macd_signal_normalized > -0.0014', 'atr_14 <= 0.0009', 'ema_15m_z > -1.6245', 'minute_of_day > 646.5000']"
validation,484,14,0.7142857142857143,0.42857142857142855,8,"['slope_ema_60m_normalized > 0.0000', 'price_normalized > 0.0008', 'atr_14 > 0.0006', 'volatility_15m > 0.0017', 'minute_of_day <= 848.5000', 'macd_signal_normalized <= 0.0122', 'macd_histogram_normalized > -0.0002', 'atr_14 > 0.0011']"
validation,276,0,0.0,0.0,8,"['slope_ema_60m_normalized > 0.0000', 'price_normalized <= 0.0008', 'minute_of_day <= 913.5000', 'rsi_14 <= 73.9262', 'volatility_30m > 0.0001', 'volatility_30m <= 0.0001', 'ema_30m_z <= 2.9502', 'ema_60m_z <= 2.3853']"
validation,83,21654,0.5522767156183616,0.10376835688556386,7,"['slope_ema_60m_normalized <= 0.0000', 'price_z <= -1.0372', 'minute_of_day > 203.5000', 'dist_from_low_30m <= 0.0011', 'macd_signal_normalized > -0.0014', 'atr_14 <= 0.0009', 'ema_15m_z <= -1.6245']"
validation,478,43,0.6744186046511628,0.32558139534883723,6,"['slope_ema_60m_normalized > 0.0000', 'price_normalized > 0.0008', 'atr_14 > 0.0006', 'volatility_15m > 0.0017', 'minute_of_day <= 848.5000', 'macd_signal_normalized <= 0.0122']"
validation,393,117,0.4017094017094017,-0.19658119658119658,6,"['slope_ema_60m_normalized > 0.0000', 'price_normalized > 0.0008', 'atr_14 <= 0.0006', 'price_normalized <= 0.0019', 'ema_30m_z <= 1.2758', 'ema_10m_normalized > 0.0001']"
validation,476,43,0.6744186046511628,0.32558139534883723,4,"['slope_ema_60m_normalized > 0.0000', 'price_normalized > 0.0008', 'atr_14 > 0.0006', 'volatility_15m > 0.0017']"
validation,417,97,0.5979381443298969,0.1958762886597938,8,"['slope_ema_60m_normalized > 0.0000', 'price_normalized > 0.0008', 'atr_14 <= 0.0006', 'price_normalized > 0.0019', 'day_of_week <= 3.5000', 'minute_of_day <= 573.5000', 'minute_of_day <= 479.5000', 'volatility_60m <= 0.0002']"
validation,409,0,0.0,0.0,8,"['slope_ema_60m_normalized > 0.0000', 'price_normalized > 0.0008', 'atr_14 <= 0.0006', 'price_normalized <= 0.0019', 'ema_30m_z > 1.2758', 'minute_of_day > 911.5000', 'day_of_week <= 3.5000', 'volatility_60m > 0.0003']"
validation,84,18903,0.5511823520076179,0.10157117917790827,8,"['slope_ema_60m_normalized <= 0.0000', 'price_z <= -1.0372', 'minute_of_day > 203.5000', 'dist_from_low_30m <= 0.0011', 'macd_signal_normalized > -0.0014', 'atr_14 <= 0.0009', 'ema_15m_z <= -1.6245', 'minute_of_day <= 886.5000']"
validation,394,117,0.4017094017094017,-0.19658119658119658,7,"['slope_ema_60m_normalized > 0.0000', 'price_normalized > 0.0008', 'atr_14 <= 0.0006', 'price_normalized <= 0.0019', 'ema_30m_z <= 1.2758', 'ema_10m_normalized > 0.0001', 'volatility_30m <= 0.0008']"
validation,323,2882,0.554823039555864,0.10687022900763359,7,"['slope_ema_60m_normalized > 0.0000', 'price_normalized <= 0.0008', 'minute_of_day > 913.5000', 'minute_of_day <= 939.5000', 'ema_30m_z <= 2.4003', 'macd_signal_normalized <= 0.0006', 'dist_from_low_30m <= 0.0017']"
validation,236,25,0.68,0.36,7,"['slope_ema_60m_normalized <= 0.0000', 'price_z > -1.0372', 'minute_of_day > 610.5000', 'ema_15m_normalized > -0.0002', 'macd_normalized <= 0.0000', 'volatility_60m > 0.0005', 'dist_from_low_30m > 0.0030']"
validation,11,0,0.0,0.0,8,"['slope_ema_60m_normalized <= 0.0000', 'price_z <= -1.0372', 'minute_of_day <= 203.5000', 'ema_60m_normalized <= 0.0013', 'atr_14 <= 0.0002', 'dist_from_high_30m <= -0.0008', 'slope_ema_60m_normalized > -0.0000', 'volatility_30m <= 0.0004']"
validation,76,1722,0.5708478513356562,0.14169570267131243,8,"['slope_ema_60m_normalized <= 0.0000', 'price_z <= -1.0372', 'minute_of_day > 203.5000', 'dist_from_low_30m <= 0.0011', 'macd_signal_normalized <= -0.0014', 'volatility_60m > 0.0002', 'ema_15m_z <= -1.0868', 'ema_60m_z <= -2.2049']"
validation,6,580,0.5689655172413793,0.13620689655172413,6,"['slope_ema_60m_normalized <= 0.0000', 'price_z <= -1.0372', 'minute_of_day <= 203.5000', 'ema_60m_normalized <= 0.0013', 'atr_14 <= 0.0002', 'dist_from_high_30m <= -0.0008']"
validation,364,1,0.0,-1.0,7,"['slope_ema_60m_normalized > 0.0000', 'price_normalized <= 0.0008', 'minute_of_day > 913.5000', 'minute_of_day > 939.5000', 'minute_of_day <= 982.5000', 'momentum_60m > 0.0012', 'volatility_30m > 0.0003']"
validation,421,0,0.0,0.0,8,"['slope_ema_60m_normalized > 0.0000', 'price_normalized > 0.0008', 'atr_14 <= 0.0006', 'price_normalized > 0.0019', 'day_of_week <= 3.5000', 'minute_of_day <= 573.5000', 'minute_of_day > 479.5000', 'volatility_60m > 0.0005']"
validation,181,0,0.0,0.0,7,"['slope_ema_60m_normalized <= 0.0000', 'price_z > -1.0372', 'minute_of_day <= 610.5000', 'ema_60m_normalized > 0.0002', 'volatility_60m > 0.0019', 'dist_from_low_30m <= 0.0074', 'momentum_15m > 0.0013']"
validation,51,1023,0.5268817204301075,0.05278592375366569,5,"['slope_ema_60m_normalized <= 0.0000', 'price_z <= -1.0372', 'minute_of_day <= 203.5000', 'ema_60m_normalized > 0.0013', 'day_of_week > 1.5000']"
validation,274,0,0.0,0.0,6,"['slope_ema_60m_normalized > 0.0000', 'price_normalized <= 0.0008', 'minute_of_day <= 913.5000', 'rsi_14 <= 73.9262', 'volatility_30m > 0.0001', 'volatility_30m <= 0.0001']"
validation,135,220,0.4409090909090909,-0.11818181818181818,7,"['slope_ema_60m_normalized <= 0.0000', 'price_z > -1.0372', 'minute_of_day <= 610.5000', 'ema_60m_normalized <= 0.0002', 'minute_of_day <= 257.5000', 'minute_of_day <= 145.5000', 'volatility_30m > 0.0002']"
validation,350,65,0.6,0.2,8,"['slope_ema_60m_normalized > 0.0000', 'price_normalized <= 0.0008', 'minute_of_day > 913.5000', 'minute_of_day <= 939.5000', 'ema_30m_z > 2.4003', 'volatility_15m > 0.0001', 'day_of_week > 1.5000', 'momentum_60m > 0.0004']"
validation,68,3491,0.5766256087081065,0.15325121741621311,5,"['slope_ema_60m_normalized <= 0.0000', 'price_z <= -1.0372', 'minute_of_day > 203.5000', 'dist_from_low_30m <= 0.0011', 'macd_signal_normalized <= -0.0014']"
validation,297,44,0.4090909090909091,-0.18181818181818182,6,"['slope_ema_60m_normalized > 0.0000', 'price_normalized <= 0.0008', 'minute_of_day <= 913.5000', 'rsi_14 > 73.9262', 'ema_30m_z <= -0.2978', 'rsi_14 > 91.0142']"
validation,74,3445,0.5724238026124818,0.1448476052249637,6,"['slope_ema_60m_normalized <= 0.0000', 'price_z <= -1.0372', 'minute_of_day > 203.5000', 'dist_from_low_30m <= 0.0011', 'macd_signal_normalized <= -0.0014', 'volatility_60m > 0.0002']"
validation,275,0,0.0,0.0,7,"['slope_ema_60m_normalized > 0.0000', 'price_normalized <= 0.0008', 'minute_of_day <= 913.5000', 'rsi_14 <= 73.9262', 'volatility_30m > 0.0001', 'volatility_30m <= 0.0001', 'ema_30m_z <= 2.9502']"
validation,149,40,0.3,-0.4,8,"['slope_ema_60m_normalized <= 0.0000', 'price_z > -1.0372', 'minute_of_day <= 610.5000', 'ema_60m_normalized <= 0.0002', 'minute_of_day > 257.5000', 'momentum_30m <= -0.0014', 'slope_ema_30m_normalized <= -0.0000', 'ema_5m_z > -0.9873']"
validation,75,3442,0.5729227193492156,0.14584543869843114,7,"['slope_ema_60m_normalized <= 0.0000', 'price_z <= -1.0372', 'minute_of_day > 203.5000', 'dist_from_low_30m <= 0.0011', 'macd_signal_normalized <= -0.0014', 'volatility_60m > 0.0002', 'ema_15m_z <= -1.0868']"
validation,266,798,0.4774436090225564,-0.046365914786967416,6,"['slope_ema_60m_normalized > 0.0000', 'price_normalized <= 0.0008', 'minute_of_day <= 913.5000', 'rsi_14 <= 73.9262', 'volatility_30m <= 0.0001', 'minute_of_day > 901.5000']"
validation,376,64,0.6875,0.375,7,"['slope_ema_60m_normalized > 0.0000', 'price_normalized <= 0.0008', 'minute_of_day > 913.5000', 'minute_of_day > 939.5000', 'minute_of_day > 982.5000', 'volatility_30m > 0.0001', 'bb_position_20 <= 0.8035']"
validation,228,0,0.0,0.0,8,"['slope_ema_60m_normalized <= 0.0000', 'price_z > -1.0372', 'minute_of_day > 610.5000', 'ema_15m_normalized > -0.0002', 'macd_normalized <= 0.0000', 'volatility_60m <= 0.0005', 'ema_15m_z <= 1.5255', 'volatility_60m > 0.0005']"
validation,147,40,0.3,-0.4,7,"['slope_ema_60m_normalized <= 0.0000', 'price_z > -1.0372', 'minute_of_day <= 610.5000', 'ema_60m_normalized <= 0.0002', 'minute_of_day > 257.5000', 'momentum_30m <= -0.0014', 'slope_ema_30m_normalized <= -0.0000']"
validation,111,0,0.0,0.0,8,"['slope_ema_60m_normalized <= 0.0000', 'price_z <= -1.0372', 'minute_of_day > 203.5000', 'dist_from_low_30m > 0.0011', 'momentum_60m <= -0.0244', 'momentum_30m > -0.0239', 'volatility_60m > 0.0023', 'minute_of_day > 267.5000']"
validation,137,179,0.4245810055865922,-0.15083798882681565,8,"['slope_ema_60m_normalized <= 0.0000', 'price_z > -1.0372', 'minute_of_day <= 610.5000', 'ema_60m_normalized <= 0.0002', 'minute_of_day <= 257.5000', 'minute_of_day <= 145.5000', 'volatility_30m > 0.0002', 'ema_15m_z > -1.1996']"
validation,18,19,0.5263157894736842,0.05263157894736842,8,"['slope_ema_60m_normalized <= 0.0000', 'price_z <= -1.0372', 'minute_of_day <= 203.5000', 'ema_60m_normalized <= 0.0013', 'atr_14 <= 0.0002', 'dist_from_high_30m > -0.0008', 'ema_60m_z > -2.4093', 'volatility_60m <= 0.0001']"
validation,77,1720,0.575,0.15,8,"['slope_ema_60m_normalized <= 0.0000', 'price_z <= -1.0372', 'minute_of_day > 203.5000', 'dist_from_low_30m <= 0.0011', 'macd_signal_normalized <= -0.0014', 'volatility_60m > 0.0002', 'ema_15m_z <= -1.0868', 'ema_60m_z > -2.2049']"
validation,344,108,0.5555555555555556,0.1111111111111111,6,"['slope_ema_60m_normalized > 0.0000', 'price_normalized <= 0.0008', 'minute_of_day > 913.5000', 'minute_of_day <= 939.5000', 'ema_30m_z > 2.4003', 'volatility_15m > 0.0001']"
validation,238,25,0.68,0.36,8,"['slope_ema_60m_normalized <= 0.0000', 'price_z > -1.0372', 'minute_of_day > 610.5000', 'ema_15m_normalized > -0.0002', 'macd_normalized <= 0.0000', 'volatility_60m > 0.0005', 'dist_from_low_30m > 0.0030', 'day_of_week > 0.5000']"
validation,367,268,0.5410447761194029,0.08208955223880597,5,"['slope_ema_60m_normalized > 0.0000', 'price_normalized <= 0.0008', 'minute_of_day > 913.5000', 'minute_of_day > 939.5000', 'minute_of_day > 982.5000']"
validation,268,551,0.4882032667876588,-0.023593466424682397,8,"['slope_ema_60m_normalized > 0.0000', 'price_normalized <= 0.0008', 'minute_of_day <= 913.5000', 'rsi_14 <= 73.9262', 'volatility_30m <= 0.0001', 'minute_of_day > 901.5000', 'volatility_60m <= 0.0001', 'macd_signal_normalized <= 0.0003']"
validation,491,0,0.0,0.0,6,"['slope_ema_60m_normalized > 0.0000', 'price_normalized > 0.0008', 'atr_14 > 0.0006', 'volatility_15m > 0.0017', 'minute_of_day > 848.5000', 'atr_14 <= 0.0027']"
validation,52,615,0.5121951219512195,0.022764227642276424,6,"['slope_ema_60m_normalized <= 0.0000', 'price_z <= -1.0372', 'minute_of_day <= 203.5000', 'ema_60m_normalized > 0.0013', 'day_of_week > 1.5000', 'minute_of_day <= 162.5000']"
validation,123,3,0.0,-1.0,8,"['slope_ema_60m_normalized <= 0.0000', 'price_z <= -1.0372', 'minute_of_day > 203.5000', 'dist_from_low_30m > 0.0011', 'momentum_60m > -0.0244', 'ema_60m_z > -2.2228', 'ema_60m_z <= -1.5912', 'volatility_30m > 0.0011']"
validation,298,40,0.425,-0.15,7,"['slope_ema_60m_normalized > 0.0000', 'price_normalized <= 0.0008', 'minute_of_day <= 913.5000', 'rsi_14 > 73.9262', 'ema_30m_z <= -0.2978', 'rsi_14 > 91.0142', 'ema_60m_z <= 0.0072']"
validation,53,571,0.5166374781085814,0.03152364273204904,7,"['slope_ema_60m_normalized <= 0.0000', 'price_z <= -1.0372', 'minute_of_day <= 203.5000', 'ema_60m_normalized > 0.0013', 'day_of_week > 1.5000', 'minute_of_day <= 162.5000', 'slope_ema_10m_normalized <= -0.0000']"
validation,366,1,0.0,-1.0,8,"['slope_ema_60m_normalized > 0.0000', 'price_normalized <= 0.0008', 'minute_of_day > 913.5000', 'minute_of_day > 939.5000', 'minute_of_day <= 982.5000', 'momentum_60m > 0.0012', 'volatility_30m > 0.0003', 'momentum_30m > -0.0004']"
validation,102,0,0.0,0.0,7,"['slope_ema_60m_normalized <= 0.0000', 'price_z <= -1.0372', 'minute_of_day > 203.5000', 'dist_from_low_30m > 0.0011', 'momentum_60m <= -0.0244', 'momentum_30m <= -0.0239', 'minute_of_day > 606.0000']"
validation,212,4,1.0,1.0,8,"['slope_ema_60m_normalized <= 0.0000', 'price_z > -1.0372', 'minute_of_day > 610.5000', 'ema_15m_normalized <= -0.0002', 'ema_30m_normalized > -0.0003', 'ema_60m_z <= -1.7468', 'minute_of_day <= 901.5000', 'volatility_60m > 0.0012']"
validation,221,2,1.0,1.0,8,"['slope_ema_60m_normalized <= 0.0000', 'price_z > -1.0372', 'minute_of_day > 610.5000', 'ema_15m_normalized <= -0.0002', 'ema_30m_normalized > -0.0003', 'ema_60m_z > -1.7468', 'minute_of_day > 707.5000', 'return_lag_2 <= -0.0004']"
validation,480,0,0.0,0.0,8,"['slope_ema_60m_normalized > 0.0000', 'price_normalized > 0.0008', 'atr_14 > 0.0006', 'volatility_15m > 0.0017', 'minute_of_day <= 848.5000', 'macd_signal_normalized <= 0.0122', 'macd_histogram_normalized <= -0.0002', 'momentum_60m <= 0.0215']"
validation,176,0,0.0,0.0,5,"['slope_ema_60m_normalized <= 0.0000', 'price_z > -1.0372', 'minute_of_day <= 610.5000', 'ema_60m_normalized > 0.0002', 'volatility_60m > 0.0019']"
validation,139,22,0.5454545454545454,0.09090909090909091,7,"['slope_ema_60m_normalized <= 0.0000', 'price_z > -1.0372', 'minute_of_day <= 610.5000', 'ema_60m_normalized <= 0.0002', 'minute_of_day <= 257.5000', 'minute_of_day > 145.5000', 'rsi_14 <= 19.9567']"
validation,55,391,0.5166240409207161,0.030690537084398978,8,"['slope_ema_60m_normalized <= 0.0000', 'price_z <= -1.0372', 'minute_of_day <= 203.5000', 'ema_60m_normalized > 0.0013', 'day_of_week > 1.5000', 'minute_of_day <= 162.5000', 'slope_ema_10m_normalized <= -0.0000', 'volatility_60m > 0.0003']"
validation,183,0,0.0,0.0,8,"['slope_ema_60m_normalized <= 0.0000', 'price_z > -1.0372', 'minute_of_day <= 610.5000', 'ema_60m_normalized > 0.0002', 'volatility_60m > 0.0019', 'dist_from_low_30m <= 0.0074', 'momentum_15m > 0.0013', 'volatility_15m > 0.0005']"
validation,368,181,0.47513812154696133,-0.049723756906077346,6,"['slope_ema_60m_normalized > 0.0000', 'price_normalized <= 0.0008', 'minute_of_day > 913.5000', 'minute_of_day > 939.5000', 'minute_of_day > 982.5000', 'volatility_30m <= 0.0001']"
validation,299,39,0.4358974358974359,-0.1282051282051282,8,"['slope_ema_60m_normalized > 0.0000', 'price_normalized <= 0.0008', 'minute_of_day <= 913.5000', 'rsi_14 > 73.9262', 'ema_30m_z <= -0.2978', 'rsi_14 > 91.0142', 'ema_60m_z <= 0.0072', 'momentum_30m <= 0.0013']"
validation,325,49,0.5102040816326531,0.02040816326530612,8,"['slope_ema_60m_normalized > 0.0000', 'price_normalized <= 0.0008', 'minute_of_day > 913.5000', 'minute_of_day <= 939.5000', 'ema_30m_z <= 2.4003', 'macd_signal_normalized <= 0.0006', 'dist_from_low_30m <= 0.0017', 'atr_14 > 0.0003']"
validation,272,40,0.375,-0.25,8,"['slope_ema_60m_normalized > 0.0000', 'price_normalized <= 0.0008', 'minute_of_day <= 913.5000', 'rsi_14 <= 73.9262', 'volatility_30m <= 0.0001', 'minute_of_day > 901.5000', 'volatility_60m > 0.0001', 'volatility_15m > 0.0001']"
validation,205,0,0.0,0.0,7,"['slope_ema_60m_normalized <= 0.0000', 'price_z > -1.0372', 'minute_of_day > 610.5000', 'ema_15m_normalized <= -0.0002', 'ema_30m_normalized <= -0.0003', 'dist_from_high_30m > -0.0014', 'dist_from_low_30m > 0.0058']"
validation,336,272,0.5183823529411765,0.03676470588235294,5,"['slope_ema_60m_normalized > 0.0000', 'price_normalized <= 0.0008', 'minute_of_day > 913.5000', 'minute_of_day <= 939.5000', 'ema_30m_z > 2.4003']"
validation,396,3,0.6666666666666666,0.3333333333333333,8,"['slope_ema_60m_normalized > 0.0000', 'price_normalized > 0.0008', 'atr_14 <= 0.0006', 'price_normalized <= 0.0019', 'ema_30m_z <= 1.2758', 'ema_10m_normalized > 0.0001', 'volatility_30m <= 0.0008', 'slope_ema_5m_normalized > -0.0000']"
validation,311,4,0.5,0.0,8,"['slope_ema_60m_normalized > 0.0000', 'price_normalized <= 0.0008', 'minute_of_day <= 913.5000', 'rsi_14 > 73.9262', 'ema_30m_z > -0.2978', 'volatility_60m <= 0.0005', 'momentum_60m > 0.0021', 'ema_60m_normalized > -0.0005']"
validation,101,0,0.0,0.0,8,"['slope_ema_60m_normalized <= 0.0000', 'price_z <= -1.0372', 'minute_of_day > 203.5000', 'dist_from_low_30m > 0.0011', 'momentum_60m <= -0.0244', 'momentum_30m <= -0.0239', 'minute_of_day <= 606.0000', 'momentum_60m > -0.0253']"
validation,479,0,0.0,0.0,7,"['slope_ema_60m_normalized > 0.0000', 'price_normalized > 0.0008', 'atr_14 > 0.0006', 'volatility_15m > 0.0017', 'minute_of_day <= 848.5000', 'macd_signal_normalized <= 0.0122', 'macd_histogram_normalized <= -0.0002']"
validation,378,62,0.7096774193548387,0.41935483870967744,8,"['slope_ema_60m_normalized > 0.0000', 'price_normalized <= 0.0008', 'minute_of_day > 913.5000', 'minute_of_day > 939.5000', 'minute_of_day > 982.5000', 'volatility_30m > 0.0001', 'bb_position_20 <= 0.8035', 'ema_60m_normalized > -0.0006']"
validation,262,50,0.64,0.28,8,"['slope_ema_60m_normalized > 0.0000', 'price_normalized <= 0.0008', 'minute_of_day <= 913.5000', 'rsi_14 <= 73.9262', 'volatility_30m <= 0.0001', 'minute_of_day <= 901.5000', 'price_normalized <= 0.0003', 'momentum_60m > 0.0017']"
validation,105,0,0.0,0.0,6,"['slope_ema_60m_normalized <= 0.0000', 'price_z <= -1.0372', 'minute_of_day > 203.5000', 'dist_from_low_30m > 0.0011', 'momentum_60m <= -0.0244', 'momentum_30m > -0.0239']"
validation,312,0,0.0,0.0,6,"['slope_ema_60m_normalized > 0.0000', 'price_normalized <= 0.0008', 'minute_of_day <= 913.5000', 'rsi_14 > 73.9262', 'ema_30m_z > -0.2978', 'volatility_60m > 0.0005']"
validation,369,181,0.47513812154696133,-0.049723756906077346,7,"['slope_ema_60m_normalized > 0.0000', 'price_normalized <= 0.0008', 'minute_of_day > 913.5000', 'minute_of_day > 939.5000', 'minute_of_day > 982.5000', 'volatility_30m <= 0.0001', 'dist_from_low_30m <= 0.0011']"
validation,327,0,0.0,0.0,8,"['slope_ema_60m_normalized > 0.0000', 'price_normalized <= 0.0008', 'minute_of_day > 913.5000', 'minute_of_day <= 939.5000', 'ema_30m_z <= 2.4003', 'macd_signal_normalized <= 0.0006', 'dist_from_low_30m > 0.0017', 'day_of_week <= 0.5000']"
validation,21,37,0.5135135135135135,0.02702702702702703,6,"['slope_ema_60m_normalized <= 0.0000', 'price_z <= -1.0372', 'minute_of_day <= 203.5000', 'ema_60m_normalized <= 0.0013', 'atr_14 > 0.0002', 'volatility_60m <= 0.0001']"
validation,177,0,0.0,0.0,6,"['slope_ema_60m_normalized <= 0.0000', 'price_z > -1.0372', 'minute_of_day <= 610.5000', 'ema_60m_normalized > 0.0002', 'volatility_60m > 0.0019', 'dist_from_low_30m <= 0.0074']"
validation,332,0,0.0,0.0,8,"['slope_ema_60m_normalized > 0.0000', 'price_normalized <= 0.0008', 'minute_of_day > 913.5000', 'minute_of_day <= 939.5000', 'ema_30m_z <= 2.4003', 'macd_signal_normalized > 0.0006', 'dist_from_high_30m <= -0.0003', 'macd_normalized > 0.0009']"
validation,7,580,0.5689655172413793,0.13620689655172413,7,"['slope_ema_60m_normalized <= 0.0000', 'price_z <= -1.0372', 'minute_of_day <= 203.5000', 'ema_60m_normalized <= 0.0013', 'atr_14 <= 0.0002', 'dist_from_high_30m <= -0.0008', 'slope_ema_60m_normalized <= -0.0000']"
validation,267,652,0.4616564417177914,-0.07668711656441718,7,"['slope_ema_60m_normalized > 0.0000', 'price_normalized <= 0.0008', 'minute_of_day <= 913.5000', 'rsi_14 <= 73.9262', 'volatility_30m <= 0.0001', 'minute_of_day > 901.5000', 'volatility_60m <= 0.0001']"
validation,64,1,0.0,-1.0,8,"['slope_ema_60m_normalized <= 0.0000', 'price_z <= -1.0372', 'minute_of_day <= 203.5000', 'ema_60m_normalized > 0.0013', 'day_of_week > 1.5000', 'minute_of_day > 162.5000', 'ema_10m_normalized > 0.0005', 'momentum_60m <= -0.0081']"
validation,345,30,0.4,-0.2,7,"['slope_ema_60m_normalized > 0.0000', 'price_normalized <= 0.0008', 'minute_of_day > 913.5000', 'minute_of_day <= 939.5000', 'ema_30m_z > 2.4003', 'volatility_15m > 0.0001', 'day_of_week <= 1.5000']"
validation,333,23,0.34782608695652173,-0.30434782608695654,7,"['slope_ema_60m_normalized > 0.0000', 'price_normalized <= 0.0008', 'minute_of_day > 913.5000', 'minute_of_day <= 939.5000', 'ema_30m_z <= 2.4003', 'macd_signal_normalized > 0.0006', 'dist_from_high_30m > -0.0003']"
validation,170,178,0.5842696629213483,0.16853932584269662,7,"['slope_ema_60m_normalized <= 0.0000', 'price_z > -1.0372', 'minute_of_day <= 610.5000', 'ema_60m_normalized > 0.0002', 'volatility_60m <= 0.0019', 'minute_of_day > 238.5000', 'volatility_30m <= 0.0001']"
validation,206,0,0.0,0.0,8,"['slope_ema_60m_normalized <= 0.0000', 'price_z > -1.0372', 'minute_of_day > 610.5000', 'ema_15m_normalized <= -0.0002', 'ema_30m_normalized <= -0.0003', 'dist_from_high_30m > -0.0014', 'dist_from_low_30m > 0.0058', 'minute_of_day <= 694.5000']"
validation,359,3,0.0,-1.0,8,"['slope_ema_60m_normalized > 0.0000', 'price_normalized <= 0.0008', 'minute_of_day > 913.5000', 'minute_of_day > 939.5000', 'minute_of_day <= 982.5000', 'momentum_60m <= 0.0012', 'ema_15m_z > 3.1388', 'momentum_30m > 0.0010']"
validation,97,0,0.0,0.0,5,"['slope_ema_60m_normalized <= 0.0000', 'price_z <= -1.0372', 'minute_of_day > 203.5000', 'dist_from_low_30m > 0.0011', 'momentum_60m <= -0.0244']"
validation,140,5,0.4,-0.2,8,"['slope_ema_60m_normalized <= 0.0000', 'price_z > -1.0372', 'minute_of_day <= 610.5000', 'ema_60m_normalized <= 0.0002', 'minute_of_day <= 257.5000', 'minute_of_day > 145.5000', 'rsi_14 <= 19.9567', 'dist_from_high_30m <= -0.0017']"
validation,277,0,0.0,0.0,8,"['slope_ema_60m_normalized > 0.0000', 'price_normalized <= 0.0008', 'minute_of_day <= 913.5000', 'rsi_14 <= 73.9262', 'volatility_30m > 0.0001', 'volatility_30m <= 0.0001', 'ema_30m_z <= 2.9502', 'ema_60m_z > 2.3853']"
validation,172,158,0.5759493670886076,0.1518987341772152,8,"['slope_ema_60m_normalized <= 0.0000', 'price_z > -1.0372', 'minute_of_day <= 610.5000', 'ema_60m_normalized > 0.0002', 'volatility_60m <= 0.0019', 'minute_of_day > 238.5000', 'volatility_30m <= 0.0001', 'ema_5m_z > -1.1218']"
validation,26,0,0.0,0.0,8,"['slope_ema_60m_normalized <= 0.0000', 'price_z <= -1.0372', 'minute_of_day <= 203.5000', 'ema_60m_normalized <= 0.0013', 'atr_14 > 0.0002', 'volatility_60m <= 0.0001', 'macd_signal_normalized > -0.0003', 'volatility_15m <= 0.0001']"
validation,371,0,0.0,0.0,8,"['slope_ema_60m_normalized > 0.0000', 'price_normalized <= 0.0008', 'minute_of_day > 913.5000', 'minute_of_day > 939.5000', 'minute_of_day > 982.5000', 'volatility_30m <= 0.0001', 'dist_from_low_30m <= 0.0011', 'volatility_30m > 0.0001']"
validation,215,0,0.0,0.0,8,"['slope_ema_60m_normalized <= 0.0000', 'price_z > -1.0372', 'minute_of_day > 610.5000', 'ema_15m_normalized <= -0.0002', 'ema_30m_normalized > -0.0003', 'ema_60m_z <= -1.7468', 'minute_of_day > 901.5000', 'dist_from_low_30m > 0.0024']"
validation,178,0,0.0,0.0,7,"['slope_ema_60m_normalized <= 0.0000', 'price_z > -1.0372', 'minute_of_day <= 610.5000', 'ema_60m_normalized > 0.0002', 'volatility_60m > 0.0019', 'dist_from_low_30m <= 0.0074', 'momentum_15m <= 0.0013']"
validation,434,0,0.0,0.0,7,"['slope_ema_60m_normalized > 0.0000', 'price_normalized > 0.0008', 'atr_14 <= 0.0006', 'price_normalized > 0.0019', 'day_of_week > 3.5000', 'macd_normalized <= 0.0027', 'volatility_30m > 0.0011']"
validation,180,0,0.0,0.0,8,"['slope_ema_60m_normalized <= 0.0000', 'price_z > -1.0372', 'minute_of_day <= 610.5000', 'ema_60m_normalized > 0.0002', 'volatility_60m > 0.0019', 'dist_from_low_30m <= 0.0074', 'momentum_15m <= 0.0013', 'momentum_15m > -0.0105']"
validation,188,0,0.0,0.0,7,"['slope_ema_60m_normalized <= 0.0000', 'price_z > -1.0372', 'minute_of_day <= 610.5000', 'ema_60m_normalized > 0.0002', 'volatility_60m > 0.0019', 'dist_from_low_30m > 0.0074', 'volatility_60m > 0.0050']"
validation,343,11,0.36363636363636365,-0.2727272727272727,8,"['slope_ema_60m_normalized > 0.0000', 'price_normalized <= 0.0008', 'minute_of_day > 913.5000', 'minute_of_day <= 939.5000', 'ema_30m_z > 2.4003', 'volatility_15m <= 0.0001', 'macd_histogram_normalized > 0.0001', 'atr_14 > 0.0001']"
validation,280,0,0.0,0.0,8,"['slope_ema_60m_normalized > 0.0000', 'price_normalized <= 0.0008', 'minute_of_day <= 913.5000', 'rsi_14 <= 73.9262', 'volatility_30m > 0.0001', 'volatility_30m <= 0.0001', 'ema_30m_z > 2.9502', 'slope_ema_5m_normalized > 0.0001']"
validation,106,0,0.0,0.0,7,"['slope_ema_60m_normalized <= 0.0000', 'price_z <= -1.0372', 'minute_of_day > 203.5000', 'dist_from_low_30m > 0.0011', 'momentum_60m <= -0.0244', 'momentum_30m > -0.0239', 'volatility_60m <= 0.0023']"
validation,148,0,0.0,0.0,8,"['slope_ema_60m_normalized <= 0.0000', 'price_z > -1.0372', 'minute_of_day <= 610.5000', 'ema_60m_normalized <= 0.0002', 'minute_of_day > 257.5000', 'momentum_30m <= -0.0014', 'slope_ema_30m_normalized <= -0.0000', 'ema_5m_z <= -0.9873']"
validation,337,164,0.49390243902439024,-0.012195121951219513,6,"['slope_ema_60m_normalized > 0.0000', 'price_normalized <= 0.0008', 'minute_of_day > 913.5000', 'minute_of_day <= 939.5000', 'ema_30m_z > 2.4003', 'volatility_15m <= 0.0001']"
validation,346,22,0.4090909090909091,-0.18181818181818182,8,"['slope_ema_60m_normalized > 0.0000', 'price_normalized <= 0.0008', 'minute_of_day > 913.5000', 'minute_of_day <= 939.5000', 'ema_30m_z > 2.4003', 'volatility_15m > 0.0001', 'day_of_week <= 1.5000', 'momentum_60m <= 0.0009']"
validation,315,0,0.0,0.0,8,"['slope_ema_60m_normalized > 0.0000', 'price_normalized <= 0.0008', 'minute_of_day <= 913.5000', 'rsi_14 > 73.9262', 'ema_30m_z > -0.2978', 'volatility_60m > 0.0005', 'dist_from_high_30m <= -0.0007', 'minute_of_day > 365.5000']"
validation,334,23,0.34782608695652173,-0.30434782608695654,8,"['slope_ema_60m_normalized > 0.0000', 'price_normalized <= 0.0008', 'minute_of_day > 913.5000', 'minute_of_day <= 939.5000', 'ema_30m_z <= 2.4003', 'macd_signal_normalized > 0.0006', 'dist_from_high_30m > -0.0003', 'day_of_week <= 3.5000']"
validation,9,174,0.6781609195402298,0.3563218390804598,8,"['slope_ema_60m_normalized <= 0.0000', 'price_z <= -1.0372', 'minute_of_day <= 203.5000', 'ema_60m_normalized <= 0.0013', 'atr_14 <= 0.0002', 'dist_from_high_30m <= -0.0008', 'slope_ema_60m_normalized <= -0.0000', 'volatility_30m > 0.0002']"
validation,450,0,0.0,0.0,8,"['slope_ema_60m_normalized > 0.0000', 'price_normalized > 0.0008', 'atr_14 > 0.0006', 'volatility_15m <= 0.0017', 'ema_30m_z <= 1.2916', 'volatility_30m <= 0.0007', 'dist_from_low_30m <= 0.0021', 'price_normalized > 0.0029']"
validation,316,0,0.0,0.0,7,"['slope_ema_60m_normalized > 0.0000', 'price_normalized <= 0.0008', 'minute_of_day <= 913.5000', 'rsi_14 > 73.9262', 'ema_30m_z > -0.2978', 'volatility_60m > 0.0005', 'dist_from_high_30m > -0.0007']"
validation,490,0,0.0,0.0,5,"['slope_ema_60m_normalized > 0.0000', 'price_normalized > 0.0008', 'atr_14 > 0.0006', 'volatility_15m > 0.0017', 'minute_of_day > 848.5000']"
validation,338,137,0.5036496350364964,0.0072992700729927005,7,"['slope_ema_60m_normalized > 0.0000', 'price_normalized <= 0.0008', 'minute_of_day > 913.5000', 'minute_of_day <= 939.5000', 'ema_30m_z > 2.4003', 'volatility_15m <= 0.0001', 'macd_histogram_normalized <= 0.0001']"
validation,108,0,0.0,0.0,8,"['slope_ema_60m_normalized <= 0.0000', 'price_z <= -1.0372', 'minute_of_day > 203.5000', 'dist_from_low_30m > 0.0011', 'momentum_60m <= -0.0244', 'momentum_30m > -0.0239', 'volatility_60m <= 0.0023', 'ema_60m_z > -2.4415']"
validation,488,0,0.0,0.0,8,"['slope_ema_60m_normalized > 0.0000', 'price_normalized > 0.0008', 'atr_14 > 0.0006', 'volatility_15m > 0.0017', 'minute_of_day <= 848.5000', 'macd_signal_normalized > 0.0122', 'minute_of_day <= 496.5000', 'ema_10m_z > 3.2906']"
validation,269,101,0.31683168316831684,-0.36633663366336633,8,"['slope_ema_60m_normalized > 0.0000', 'price_normalized <= 0.0008', 'minute_of_day <= 913.5000', 'rsi_14 <= 73.9262', 'volatility_30m <= 0.0001', 'minute_of_day > 901.5000', 'volatility_60m <= 0.0001', 'macd_signal_normalized > 0.0003']"
validation,98,0,0.0,0.0,6,"['slope_ema_60m_normalized <= 0.0000', 'price_z <= -1.0372', 'minute_of_day > 203.5000', 'dist_from_low_30m > 0.0011', 'momentum_60m <= -0.0244', 'momentum_30m <= -0.0239']"
validation,317,0,0.0,0.0,8,"['slope_ema_60m_normalized > 0.0000', 'price_normalized <= 0.0008', 'minute_of_day <= 913.5000', 'rsi_14 > 73.9262', 'ema_30m_z > -0.2978', 'volatility_60m > 0.0005', 'dist_from_high_30m > -0.0007', 'day_of_week <= 3.5000']"
validation,37,0,0.0,0.0,6,"['slope_ema_60m_normalized <= 0.0000', 'price_z <= -1.0372', 'minute_of_day <= 203.5000', 'ema_60m_normalized > 0.0013', 'day_of_week <= 1.5000', 'momentum_30m <= -0.0306']"
validation,22,8,0.25,-0.5,7,"['slope_ema_60m_normalized <= 0.0000', 'price_z <= -1.0372', 'minute_of_day <= 203.5000', 'ema_60m_normalized <= 0.0013', 'atr_14 > 0.0002', 'volatility_60m <= 0.0001', 'macd_signal_normalized <= -0.0003']"
validation,340,105,0.4857142857142857,-0.02857142857142857,8,"['slope_ema_60m_normalized > 0.0000', 'price_normalized <= 0.0008', 'minute_of_day > 913.5000', 'minute_of_day <= 939.5000', 'ema_30m_z > 2.4003', 'volatility_15m <= 0.0001', 'macd_histogram_normalized <= 0.0001', 'ema_10m_z > 2.1906']"
validation,187,0,0.0,0.0,8,"['slope_ema_60m_normalized <= 0.0000', 'price_z > -1.0372', 'minute_of_day <= 610.5000', 'ema_60m_normalized > 0.0002', 'volatility_60m > 0.0019', 'dist_from_low_30m > 0.0074', 'volatility_60m <= 0.0050', 'momentum_60m > -0.0038']"
validation,49,1,0.0,-1.0,8,"['slope_ema_60m_normalized <= 0.0000', 'price_z <= -1.0372', 'minute_of_day <= 203.5000', 'ema_60m_normalized > 0.0013', 'day_of_week <= 1.5000', 'momentum_30m > -0.0306', 'slope_ema_15m_normalized > -0.0000', 'volatility_30m <= 0.0003']"
validation,436,0,0.0,0.0,8,"['slope_ema_60m_normalized > 0.0000', 'price_normalized > 0.0008', 'atr_14 <= 0.0006', 'price_normalized > 0.0019', 'day_of_week > 3.5000', 'macd_normalized <= 0.0027', 'volatility_30m > 0.0011', 'ema_60m_z > 1.9684']"
validation,41,0,0.0,0.0,7,"['slope_ema_60m_normalized <= 0.0000', 'price_z <= -1.0372', 'minute_of_day <= 203.5000', 'ema_60m_normalized > 0.0013', 'day_of_week <= 1.5000', 'momentum_30m <= -0.0306', 'volatility_30m > 0.0053']"
validation,481,0,0.0,0.0,8,"['slope_ema_60m_normalized > 0.0000', 'price_normalized > 0.0008', 'atr_14 > 0.0006', 'volatility_15m > 0.0017', 'minute_of_day <= 848.5000', 'macd_signal_normalized <= 0.0122', 'macd_histogram_normalized <= -0.0002', 'momentum_60m > 0.0215']"
validation,23,8,0.25,-0.5,8,"['slope_ema_60m_normalized <= 0.0000', 'price_z <= -1.0372', 'minute_of_day <= 203.5000', 'ema_60m_normalized <= 0.0013', 'atr_14 > 0.0002', 'volatility_60m <= 0.0001', 'macd_signal_normalized <= -0.0003', 'volatility_30m <= 0.0002']"
validation,99,0,0.0,0.0,7,"['slope_ema_60m_normalized <= 0.0000', 'price_z <= -1.0372', 'minute_of_day > 203.5000', 'dist_from_low_30m > 0.0011', 'momentum_60m <= -0.0244', 'momentum_30m <= -0.0239', 'minute_of_day <= 606.0000']"
validation,16,0,0.0,0.0,8,"['slope_ema_60m_normalized <= 0.0000', 'price_z <= -1.0372', 'minute_of_day <= 203.5000', 'ema_60m_normalized <= 0.0013', 'atr_14 <= 0.0002', 'dist_from_high_30m > -0.0008', 'ema_60m_z <= -2.4093', 'hour_of_day > 2.5000']"
validation,71,0,0.0,0.0,8,"['slope_ema_60m_normalized <= 0.0000', 'price_z <= -1.0372', 'minute_of_day > 203.5000', 'dist_from_low_30m <= 0.0011', 'macd_signal_normalized <= -0.0014', 'volatility_60m <= 0.0002', 'minute_of_day <= 944.0000', 'dist_from_high_30m <= -0.0043']"
validation,73,0,0.0,0.0,7,"['slope_ema_60m_normalized <= 0.0000', 'price_z <= -1.0372', 'minute_of_day > 203.5000', 'dist_from_low_30m <= 0.0011', 'macd_signal_normalized <= -0.0014', 'volatility_60m <= 0.0002', 'minute_of_day > 944.0000']"
validation,104,0,0.0,0.0,8,"['slope_ema_60m_normalized <= 0.0000', 'price_z <= -1.0372', 'minute_of_day > 203.5000', 'dist_from_low_30m > 0.0011', 'momentum_60m <= -0.0244', 'momentum_30m <= -0.0239', 'minute_of_day > 606.0000', 'minute_of_day > 616.5000']"
validation,100,0,0.0,0.0,8,"['slope_ema_60m_normalized <= 0.0000', 'price_z <= -1.0372', 'minute_of_day > 203.5000', 'dist_from_low_30m > 0.0011', 'momentum_60m <= -0.0244', 'momentum_30m <= -0.0239', 'minute_of_day <= 606.0000', 'momentum_60m <= -0.0253']"
validation,460,0,0.0,0.0,8,"['slope_ema_60m_normalized > 0.0000', 'price_normalized > 0.0008', 'atr_14 > 0.0006', 'volatility_15m <= 0.0017', 'ema_30m_z <= 1.2916', 'volatility_30m > 0.0007', 'volatility_60m > 0.0022', 'ema_15m_normalized > 0.0014']"
validation,489,0,0.0,0.0,7,"['slope_ema_60m_normalized > 0.0000', 'price_normalized > 0.0008', 'atr_14 > 0.0006', 'volatility_15m > 0.0017', 'minute_of_day <= 848.5000', 'macd_signal_normalized > 0.0122', 'minute_of_day > 496.5000']"
validation,492,0,0.0,0.0,7,"['slope_ema_60m_normalized > 0.0000', 'price_normalized > 0.0008', 'atr_14 > 0.0006', 'volatility_15m > 0.0017', 'minute_of_day > 848.5000', 'atr_14 <= 0.0027', 'volatility_30m <= 0.0016']"
validation,495,0,0.0,0.0,8,"['slope_ema_60m_normalized > 0.0000', 'price_normalized > 0.0008', 'atr_14 > 0.0006', 'volatility_15m > 0.0017', 'minute_of_day > 848.5000', 'atr_14 <= 0.0027', 'volatility_30m > 0.0016', 'macd_signal_normalized > 0.0044']"
validation,292,0,0.0,0.0,8,"['slope_ema_60m_normalized > 0.0000', 'price_normalized <= 0.0008', 'minute_of_day <= 913.5000', 'rsi_14 > 73.9262', 'ema_30m_z <= -0.2978', 'rsi_14 <= 91.0142', 'rsi_14 <= 86.2623', 'slope_ema_30m_normalized <= 0.0000']"
validation,302,3,0.3333333333333333,-0.3333333333333333,8,"['slope_ema_60m_normalized > 0.0000', 'price_normalized <= 0.0008', 'minute_of_day <= 913.5000', 'rsi_14 > 73.9262', 'ema_30m_z <= -0.2978', 'rsi_14 > 91.0142', 'ema_60m_z > 0.0072', 'macd_histogram_normalized <= 0.0002']"
validation,190,0,0.0,0.0,8,"['slope_ema_60m_normalized <= 0.0000', 'price_z > -1.0372', 'minute_of_day <= 610.5000', 'ema_60m_normalized > 0.0002', 'volatility_60m > 0.0019', 'dist_from_low_30m > 0.0074', 'volatility_60m > 0.0050', 'price_normalized > -0.0205']"
validation,374,0,0.0,0.0,8,"['slope_ema_60m_normalized > 0.0000', 'price_normalized <= 0.0008', 'minute_of_day > 913.5000', 'minute_of_day > 939.5000', 'minute_of_day > 982.5000', 'volatility_30m <= 0.0001', 'dist_from_low_30m > 0.0011', 'slope_ema_60m_normalized > 0.0000']"
validation,381,0,0.0,0.0,8,"['slope_ema_60m_normalized > 0.0000', 'price_normalized <= 0.0008', 'minute_of_day > 913.5000', 'minute_of_day > 939.5000', 'minute_of_day > 982.5000', 'volatility_30m > 0.0001', 'bb_position_20 > 0.8035', 'momentum_60m > 0.0028']"
validation,39,0,0.0,0.0,8,"['slope_ema_60m_normalized <= 0.0000', 'price_z <= -1.0372', 'minute_of_day <= 203.5000', 'ema_60m_normalized > 0.0013', 'day_of_week <= 1.5000', 'momentum_30m <= -0.0306', 'volatility_30m <= 0.0053', 'slope_ema_60m_normalized <= -0.0007']"
validation,42,0,0.0,0.0,8,"['slope_ema_60m_normalized <= 0.0000', 'price_z <= -1.0372', 'minute_of_day <= 203.5000', 'ema_60m_normalized > 0.0013', 'day_of_week <= 1.5000', 'momentum_30m <= -0.0306', 'volatility_30m > 0.0053', 'ema_60m_z <= -2.0434']"
validation,496,0,0.0,0.0,6,"['slope_ema_60m_normalized > 0.0000', 'price_normalized > 0.0008', 'atr_14 > 0.0006', 'volatility_15m > 0.0017', 'minute_of_day > 848.5000', 'atr_14 > 0.0027']"
test,162,4571,0.48588930212207393,-0.0284401662655874,6,"['slope_ema_60m_normalized <= 0.0000', 'price_z > -1.0372', 'minute_of_day <= 610.5000', 'ema_60m_normalized > 0.0002', 'volatility_60m <= 0.0019', 'minute_of_day <= 238.5000']"
test,192,3279,0.5190606892345228,0.03812137846904544,4,"['slope_ema_60m_normalized <= 0.0000', 'price_z > -1.0372', 'minute_of_day > 610.5000', 'ema_15m_normalized <= -0.0002']"
test,153,7087,0.50021165514322,-0.00014110342881332017,6,"['slope_ema_60m_normalized <= 0.0000', 'price_z > -1.0372', 'minute_of_day <= 610.5000', 'ema_60m_normalized <= 0.0002', 'minute_of_day > 257.5000', 'momentum_30m > -0.0014']"
test,89,228,0.6535087719298246,0.30701754385964913,6,"['slope_ema_60m_normalized <= 0.0000', 'price_z <= -1.0372', 'minute_of_day > 203.5000', 'dist_from_low_30m <= 0.0011', 'macd_signal_normalized > -0.0014', 'atr_14 > 0.0009']"
test,407,1182,0.5109983079526227,0.021996615905245348,7,"['slope_ema_60m_normalized > 0.0000', 'price_normalized > 0.0008', 'atr_14 <= 0.0006', 'price_normalized <= 0.0019', 'ema_30m_z > 1.2758', 'minute_of_day > 911.5000', 'day_of_week <= 3.5000']"
test,260,2386,0.4853310980720872,-0.03143336127409891,7,"['slope_ema_60m_normalized > 0.0000', 'price_normalized <= 0.0008', 'minute_of_day <= 913.5000', 'rsi_14 <= 73.9262', 'volatility_30m <= 0.0001', 'minute_of_day <= 901.5000', 'price_normalized <= 0.0003']"
test,116,1500,0.5786666666666667,0.15733333333333333,8,"['slope_ema_60m_normalized <= 0.0000', 'price_z <= -1.0372', 'minute_of_day > 203.5000', 'dist_from_low_30m > 0.0011', 'momentum_60m > -0.0244', 'ema_60m_z <= -2.2228', 'volatility_15m <= 0.0019', 'bb_position_20 > 0.2608']"
test,47,507,0.504930966469428,0.009861932938856016,8,"['slope_ema_60m_normalized <= 0.0000', 'price_z <= -1.0372', 'minute_of_day <= 203.5000', 'ema_60m_normalized > 0.0013', 'day_of_week <= 1.5000', 'momentum_30m > -0.0306', 'slope_ema_15m_normalized <= -0.0000', 'volatility_15m > 0.0005']"
test,252,218,0.5321100917431193,0.06422018348623854,8,"['slope_ema_60m_normalized <= 0.0000', 'price_z > -1.0372', 'minute_of_day > 610.5000', 'ema_15m_normalized > -0.0002', 'macd_normalized > 0.0000', 'bb_position_20 > 0.5050', 'momentum_60m > -0.0010', 'minute_of_day <= 903.5000']"
test,145,7298,0.49780761852562344,-0.004932858317347218,5,"['slope_ema_60m_normalized <= 0.0000', 'price_z > -1.0372', 'minute_of_day <= 610.5000', 'ema_60m_normalized <= 0.0002', 'minute_of_day > 257.5000']"
test,234,1312,0.4695121951219512,-0.06097560975609756,8,"['slope_ema_60m_normalized <= 0.0000', 'price_z > -1.0372', 'minute_of_day > 610.5000', 'ema_15m_normalized > -0.0002', 'macd_normalized <= 0.0000', 'volatility_60m > 0.0005', 'dist_from_low_30m <= 0.0030', 'volatility_15m <= 0.0011']"
test,243,125,0.472,-0.056,8,"['slope_ema_60m_normalized <= 0.0000', 'price_z > -1.0372', 'minute_of_day > 610.5000', 'ema_15m_normalized > -0.0002', 'macd_normalized > 0.0000', 'bb_position_20 <= 0.5050', 'volatility_60m <= 0.0001', 'price_range > 0.0001']"
test,348,77,0.5064935064935064,0.012987012987012988,7,"['slope_ema_60m_normalized > 0.0000', 'price_normalized <= 0.0008', 'minute_of_day > 913.5000', 'minute_of_day <= 939.5000', 'ema_30m_z > 2.4003', 'volatility_15m > 0.0001', 'day_of_week > 1.5000']"
test,392,1739,0.48016101207590567,-0.04025301897642323,8,"['slope_ema_60m_normalized > 0.0000', 'price_normalized > 0.0008', 'atr_14 <= 0.0006', 'price_normalized <= 0.0019', 'ema_30m_z <= 1.2758', 'ema_10m_normalized <= 0.0001', 'atr_14 > 0.0004', 'ema_30m_normalized > -0.0009']"
test,353,1633,0.5425597060624617,0.08450704225352113,6,"['slope_ema_60m_normalized > 0.0000', 'price_normalized <= 0.0008', 'minute_of_day > 913.5000', 'minute_of_day > 939.5000', 'minute_of_day <= 982.5000', 'momentum_60m <= 0.0012']"
test,222,756,0.5396825396825397,0.07936507936507936,8,"['slope_ema_60m_normalized <= 0.0000', 'price_z > -1.0372', 'minute_of_day > 610.5000', 'ema_15m_normalized <= -0.0002', 'ema_30m_normalized > -0.0003', 'ema_60m_z > -1.7468', 'minute_of_day > 707.5000', 'return_lag_2 > -0.0004']"
test,154,5738,0.5045311955385151,0.008365284071104914,7,"['slope_ema_60m_normalized <= 0.0000', 'price_z > -1.0372', 'minute_of_day <= 610.5000', 'ema_60m_normalized <= 0.0002', 'minute_of_day > 257.5000', 'momentum_30m > -0.0014', 'momentum_60m <= 0.0006']"
test,247,384,0.5,0.0,6,"['slope_ema_60m_normalized <= 0.0000', 'price_z > -1.0372', 'minute_of_day > 610.5000', 'ema_15m_normalized > -0.0002', 'macd_normalized > 0.0000', 'bb_position_20 > 0.5050']"
test,0,213213,0.5033604892759822,0.006251963998442872,0,[]
test,232,1459,0.477039067854695,-0.04592186429061001,6,"['slope_ema_60m_normalized <= 0.0000', 'price_z > -1.0372', 'minute_of_day > 610.5000', 'ema_15m_normalized > -0.0002', 'macd_normalized <= 0.0000', 'volatility_60m > 0.0005']"
test,155,5570,0.5057450628366248,0.011131059245960502,8,"['slope_ema_60m_normalized <= 0.0000', 'price_z > -1.0372', 'minute_of_day <= 610.5000', 'ema_60m_normalized <= 0.0002', 'minute_of_day > 257.5000', 'momentum_30m > -0.0014', 'momentum_60m <= 0.0006', 'dist_from_high_30m <= -0.0002']"
test,128,29194,0.49602658080427486,-0.008426388984037816,3,"['slope_ema_60m_normalized <= 0.0000', 'price_z > -1.0372', 'minute_of_day <= 610.5000']"
test,354,1617,0.5392702535559678,0.07792207792207792,7,"['slope_ema_60m_normalized > 0.0000', 'price_normalized <= 0.0008', 'minute_of_day > 913.5000', 'minute_of_day > 939.5000', 'minute_of_day <= 982.5000', 'momentum_60m <= 0.0012', 'ema_15m_z <= 3.1388']"
test,251,283,0.5229681978798587,0.045936395759717315,7,"['slope_ema_60m_normalized <= 0.0000', 'price_z > -1.0372', 'minute_of_day > 610.5000', 'ema_15m_normalized > -0.0002', 'macd_normalized > 0.0000', 'bb_position_20 > 0.5050', 'momentum_60m > -0.0010']"
test,220,793,0.5435056746532156,0.08701134930643127,7,"['slope_ema_60m_normalized <= 0.0000', 'price_z > -1.0372', 'minute_of_day > 610.5000', 'ema_15m_normalized <= -0.0002', 'ema_30m_normalized > -0.0003', 'ema_60m_z > -1.7468', 'minute_of_day > 707.5000']"
test,159,525,0.45714285714285713,-0.08571428571428572,8,"['slope_ema_60m_normalized <= 0.0000', 'price_z > -1.0372', 'minute_of_day <= 610.5000', 'ema_60m_normalized <= 0.0002', 'minute_of_day > 257.5000', 'momentum_30m > -0.0014', 'momentum_60m > 0.0006', 'day_of_week > 2.5000']"
test,208,2428,0.5284184514003295,0.05683690280065898,5,"['slope_ema_60m_normalized <= 0.0000', 'price_z > -1.0372', 'minute_of_day > 610.5000', 'ema_15m_normalized <= -0.0002', 'ema_30m_normalized > -0.0003']"
test,90,215,0.6372093023255814,0.2744186046511628,7,"['slope_ema_60m_normalized <= 0.0000', 'price_z <= -1.0372', 'minute_of_day > 203.5000', 'dist_from_low_30m <= 0.0011', 'macd_signal_normalized > -0.0014', 'atr_14 > 0.0009', 'atr_14 <= 0.0013']"
test,113,1875,0.5893333333333334,0.17866666666666667,6,"['slope_ema_60m_normalized <= 0.0000', 'price_z <= -1.0372', 'minute_of_day > 203.5000', 'dist_from_low_30m > 0.0011', 'momentum_60m > -0.0244', 'ema_60m_z <= -2.2228']"
test,175,4289,0.48426206574959196,-0.03147586850081604,8,"['slope_ema_60m_normalized <= 0.0000', 'price_z > -1.0372', 'minute_of_day <= 610.5000', 'ema_60m_normalized > 0.0002', 'volatility_60m <= 0.0019', 'minute_of_day > 238.5000', 'volatility_30m > 0.0001', 'atr_14 > 0.0005']"
test,454,625,0.5104,0.0208,6,"['slope_ema_60m_normalized > 0.0000', 'price_normalized > 0.0008', 'atr_14 > 0.0006', 'volatility_15m <= 0.0017', 'ema_30m_z <= 1.2916', 'volatility_30m > 0.0007']"
test,44,1168,0.5565068493150684,0.11301369863013698,6,"['slope_ema_60m_normalized <= 0.0000', 'price_z <= -1.0372', 'minute_of_day <= 203.5000', 'ema_60m_normalized > 0.0013', 'day_of_week <= 1.5000', 'momentum_30m > -0.0306']"
test,91,209,0.645933014354067,0.291866028708134,8,"['slope_ema_60m_normalized <= 0.0000', 'price_z <= -1.0372', 'minute_of_day > 203.5000', 'dist_from_low_30m <= 0.0011', 'macd_signal_normalized > -0.0014', 'atr_14 > 0.0009', 'atr_14 <= 0.0013', 'volatility_30m <= 0.0010']"
test,151,58,0.3448275862068966,-0.3103448275862069,8,"['slope_ema_60m_normalized <= 0.0000', 'price_z > -1.0372', 'minute_of_day <= 610.5000', 'ema_60m_normalized <= 0.0002', 'minute_of_day > 257.5000', 'momentum_30m <= -0.0014', 'slope_ema_30m_normalized > -0.0000', 'momentum_60m <= 0.0018']"
test,114,1858,0.5861141011840689,0.1722282023681378,7,"['slope_ema_60m_normalized <= 0.0000', 'price_z <= -1.0372', 'minute_of_day > 203.5000', 'dist_from_low_30m > 0.0011', 'momentum_60m > -0.0244', 'ema_60m_z <= -2.2228', 'volatility_15m <= 0.0019']"
test,449,302,0.4271523178807947,-0.1456953642384106,8,"['slope_ema_60m_normalized > 0.0000', 'price_normalized > 0.0008', 'atr_14 > 0.0006', 'volatility_15m <= 0.0017', 'ema_30m_z <= 1.2916', 'volatility_30m <= 0.0007', 'dist_from_low_30m <= 0.0021', 'price_normalized <= 0.0029']"
test,166,2530,0.47391304347826085,-0.05217391304347826,7,"['slope_ema_60m_normalized <= 0.0000', 'price_z > -1.0372', 'minute_of_day <= 610.5000', 'ema_60m_normalized > 0.0002', 'volatility_60m <= 0.0019', 'minute_of_day <= 238.5000', 'atr_14 > 0.0004']"
test,8,96,0.5520833333333334,0.10416666666666667,8,"['slope_ema_60m_normalized <= 0.0000', 'price_z <= -1.0372', 'minute_of_day <= 203.5000', 'ema_60m_normalized <= 0.0013', 'atr_14 <= 0.0002', 'dist_from_high_30m <= -0.0008', 'slope_ema_60m_normalized <= -0.0000', 'volatility_30m <= 0.0002']"
test,455,625,0.5104,0.0208,7,"['slope_ema_60m_normalized > 0.0000', 'price_normalized > 0.0008', 'atr_14 > 0.0006', 'volatility_15m <= 0.0017', 'ema_30m_z <= 1.2916', 'volatility_30m > 0.0007', 'volatility_60m <= 0.0022']"
test,36,1168,0.5565068493150684,0.11301369863013698,5,"['slope_ema_60m_normalized <= 0.0000', 'price_z <= -1.0372', 'minute_of_day <= 203.5000', 'ema_60m_normalized > 0.0013', 'day_of_week <= 1.5000']"
test,127,50757,0.5081269578580294,0.01574167109955277,2,"['slope_ema_60m_normalized <= 0.0000', 'price_z > -1.0372']"
test,246,1813,0.48483177054605625,-0.03033645890788748,8,"['slope_ema_60m_normalized <= 0.0000', 'price_z > -1.0372', 'minute_of_day > 610.5000', 'ema_15m_normalized > -0.0002', 'macd_normalized > 0.0000', 'bb_position_20 <= 0.5050', 'volatility_60m > 0.0001', 'atr_14 > 0.0002']"
test,161,19901,0.49625646952414454,-0.0079392995326868,5,"['slope_ema_60m_normalized <= 0.0000', 'price_z > -1.0372', 'minute_of_day <= 610.5000', 'ema_60m_normalized > 0.0002', 'volatility_60m <= 0.0019']"
test,3,5596,0.5150107219442459,0.029664045746962117,3,"['slope_ema_60m_normalized <= 0.0000', 'price_z <= -1.0372', 'minute_of_day <= 203.5000']"
test,160,19967,0.495567686683027,-0.009315370361095808,4,"['slope_ema_60m_normalized <= 0.0000', 'price_z > -1.0372', 'minute_of_day <= 610.5000', 'ema_60m_normalized > 0.0002']"
test,239,3085,0.4952998379254457,-0.009724473257698542,5,"['slope_ema_60m_normalized <= 0.0000', 'price_z > -1.0372', 'minute_of_day > 610.5000', 'ema_15m_normalized > -0.0002', 'macd_normalized > 0.0000']"
test,216,1266,0.5308056872037915,0.061611374407582936,6,"['slope_ema_60m_normalized <= 0.0000', 'price_z > -1.0372', 'minute_of_day > 610.5000', 'ema_15m_normalized <= -0.0002', 'ema_30m_normalized > -0.0003', 'ema_60m_z > -1.7468']"
test,423,1029,0.46938775510204084,-0.062196307094266275,7,"['slope_ema_60m_normalized > 0.0000', 'price_normalized > 0.0008', 'atr_14 <= 0.0006', 'price_normalized > 0.0019', 'day_of_week <= 3.5000', 'minute_of_day > 573.5000', 'minute_of_day <= 684.5000']"
test,33,713,0.49789621318373073,-0.005610098176718092,8,"['slope_ema_60m_normalized <= 0.0000', 'price_z <= -1.0372', 'minute_of_day <= 203.5000', 'ema_60m_normalized <= 0.0013', 'atr_14 > 0.0002', 'volatility_60m > 0.0001', 'volatility_30m > 0.0003', 'day_of_week <= 3.5000']"
test,56,94,0.648936170212766,0.2978723404255319,7,"['slope_ema_60m_normalized <= 0.0000', 'price_z <= -1.0372', 'minute_of_day <= 203.5000', 'ema_60m_normalized > 0.0013', 'day_of_week > 1.5000', 'minute_of_day <= 162.5000', 'slope_ema_10m_normalized > -0.0000']"
test,61,249,0.41767068273092367,-0.1646586345381526,8,"['slope_ema_60m_normalized <= 0.0000', 'price_z <= -1.0372', 'minute_of_day <= 203.5000', 'ema_60m_normalized > 0.0013', 'day_of_week > 1.5000', 'minute_of_day > 162.5000', 'ema_10m_normalized <= 0.0005', 'volatility_60m <= 0.0006']"
test,80,38,0.5,0.0,8,"['slope_ema_60m_normalized <= 0.0000', 'price_z <= -1.0372', 'minute_of_day > 203.5000', 'dist_from_low_30m <= 0.0011', 'macd_signal_normalized <= -0.0014', 'volatility_60m > 0.0002', 'ema_15m_z > -1.0868', 'ema_5m_normalized > 0.0005']"
test,45,1135,0.5559471365638766,0.11189427312775331,7,"['slope_ema_60m_normalized <= 0.0000', 'price_z <= -1.0372', 'minute_of_day <= 203.5000', 'ema_60m_normalized > 0.0013', 'day_of_week <= 1.5000', 'momentum_30m > -0.0306', 'slope_ema_15m_normalized <= -0.0000']"
test,124,719,0.5424200278164116,0.08484005563282336,7,"['slope_ema_60m_normalized <= 0.0000', 'price_z <= -1.0372', 'minute_of_day > 203.5000', 'dist_from_low_30m > 0.0011', 'momentum_60m > -0.0244', 'ema_60m_z > -2.2228', 'ema_60m_z > -1.5912']"
test,448,303,0.42574257425742573,-0.1485148514851485,7,"['slope_ema_60m_normalized > 0.0000', 'price_normalized > 0.0008', 'atr_14 > 0.0006', 'volatility_15m <= 0.0017', 'ema_30m_z <= 1.2916', 'volatility_30m <= 0.0007', 'dist_from_low_30m <= 0.0021']"
test,173,15325,0.4993800978792822,-0.001761827079934747,7,"['slope_ema_60m_normalized <= 0.0000', 'price_z > -1.0372', 'minute_of_day <= 610.5000', 'ema_60m_normalized > 0.0002', 'volatility_60m <= 0.0019', 'minute_of_day > 238.5000', 'volatility_30m > 0.0001']"
test,412,98,0.5,0.0,8,"['slope_ema_60m_normalized > 0.0000', 'price_normalized > 0.0008', 'atr_14 <= 0.0006', 'price_normalized <= 0.0019', 'ema_30m_z > 1.2758', 'minute_of_day > 911.5000', 'day_of_week > 3.5000', 'ema_60m_z > 2.2411']"
test,169,15330,0.49934768427919113,-0.0018264840182648401,6,"['slope_ema_60m_normalized <= 0.0000', 'price_z > -1.0372', 'minute_of_day <= 610.5000', 'ema_60m_normalized > 0.0002', 'volatility_60m <= 0.0019', 'minute_of_day > 238.5000']"
test,214,127,0.5590551181102362,0.11811023622047244,8,"['slope_ema_60m_normalized <= 0.0000', 'price_z > -1.0372', 'minute_of_day > 610.5000', 'ema_15m_normalized <= -0.0002', 'ema_30m_normalized > -0.0003', 'ema_60m_z <= -1.7468', 'minute_of_day > 901.5000', 'dist_from_low_30m <= 0.0024']"
test,456,398,0.5653266331658291,0.1306532663316583,8,"['slope_ema_60m_normalized > 0.0000', 'price_normalized > 0.0008', 'atr_14 > 0.0006', 'volatility_15m <= 0.0017', 'ema_30m_z <= 1.2916', 'volatility_30m > 0.0007', 'volatility_60m <= 0.0022', 'minute_of_day <= 688.5000']"
test,319,5434,0.5209790209790209,0.04103790945896209,3,"['slope_ema_60m_normalized > 0.0000', 'price_normalized <= 0.0008', 'minute_of_day > 913.5000']"
test,191,21563,0.5245095765895283,0.048462644344478965,3,"['slope_ema_60m_normalized <= 0.0000', 'price_z > -1.0372', 'minute_of_day > 610.5000']"
test,126,497,0.5150905432595574,0.030181086519114688,8,"['slope_ema_60m_normalized <= 0.0000', 'price_z <= -1.0372', 'minute_of_day > 203.5000', 'dist_from_low_30m > 0.0011', 'momentum_60m > -0.0244', 'ema_60m_z > -2.2228', 'ema_60m_z > -1.5912', 'volatility_60m > 0.0004']"
test,231,1,0.0,-1.0,8,"['slope_ema_60m_normalized <= 0.0000', 'price_z > -1.0372', 'minute_of_day > 610.5000', 'ema_15m_normalized > -0.0002', 'macd_normalized <= 0.0000', 'volatility_60m <= 0.0005', 'ema_15m_z > 1.5255', 'ema_30m_z > 1.1990']"
test,167,1910,0.45340314136125653,-0.09319371727748692,8,"['slope_ema_60m_normalized <= 0.0000', 'price_z > -1.0372', 'minute_of_day <= 610.5000', 'ema_60m_normalized > 0.0002', 'volatility_60m <= 0.0019', 'minute_of_day <= 238.5000', 'atr_14 > 0.0004', 'ema_60m_z <= -0.4328']"
test,1,104795,0.519290042463858,0.03816976000763395,1,['slope_ema_60m_normalized <= 0.0000']
test,240,2701,0.49463161791928917,-0.011106997408367271,6,"['slope_ema_60m_normalized <= 0.0000', 'price_z > -1.0372', 'minute_of_day > 610.5000', 'ema_15m_normalized > -0.0002', 'macd_normalized > 0.0000', 'bb_position_20 <= 0.5050']"
test,174,11036,0.5052555273649874,0.009786154403769481,8,"['slope_ema_60m_normalized <= 0.0000', 'price_z > -1.0372', 'minute_of_day <= 610.5000', 'ema_60m_normalized > 0.0002', 'volatility_60m <= 0.0019', 'minute_of_day > 238.5000', 'volatility_30m > 0.0001', 'atr_14 <= 0.0005']"
test,313,9,0.3333333333333333,-0.3333333333333333,7,"['slope_ema_60m_normalized > 0.0000', 'price_normalized <= 0.0008', 'minute_of_day <= 913.5000', 'rsi_14 > 73.9262', 'ema_30m_z > -0.2978', 'volatility_60m > 0.0005', 'dist_from_high_30m <= -0.0007']"
test,425,744,0.4422043010752688,-0.11693548387096774,8,"['slope_ema_60m_normalized > 0.0000', 'price_normalized > 0.0008', 'atr_14 <= 0.0006', 'price_normalized > 0.0019', 'day_of_week <= 3.5000', 'minute_of_day > 573.5000', 'minute_of_day <= 684.5000', 'volatility_60m > 0.0003']"
test,223,18284,0.525486764384161,0.05031721723911617,4,"['slope_ema_60m_normalized <= 0.0000', 'price_z > -1.0372', 'minute_of_day > 610.5000', 'ema_15m_normalized > -0.0002']"
test,244,2454,0.4979625101874491,-0.004482477587612062,7,"['slope_ema_60m_normalized <= 0.0000', 'price_z > -1.0372', 'minute_of_day > 610.5000', 'ema_15m_normalized > -0.0002', 'macd_normalized > 0.0000', 'bb_position_20 <= 0.5050', 'volatility_60m > 0.0001']"
test,85,2142,0.5471521942110178,0.09430438842203548,8,"['slope_ema_60m_normalized <= 0.0000', 'price_z <= -1.0372', 'minute_of_day > 203.5000', 'dist_from_low_30m <= 0.0011', 'macd_signal_normalized > -0.0014', 'atr_14 <= 0.0009', 'ema_15m_z <= -1.6245', 'minute_of_day > 886.5000']"
test,112,4805,0.5531737773152966,0.10634755463059313,5,"['slope_ema_60m_normalized <= 0.0000', 'price_z <= -1.0372', 'minute_of_day > 203.5000', 'dist_from_low_30m > 0.0011', 'momentum_60m > -0.0244']"
test,87,9588,0.5025031289111389,0.004693366708385482,8,"['slope_ema_60m_normalized <= 0.0000', 'price_z <= -1.0372', 'minute_of_day > 203.5000', 'dist_from_low_30m <= 0.0011', 'macd_signal_normalized > -0.0014', 'atr_14 <= 0.0009', 'ema_15m_z > -1.6245', 'minute_of_day <= 646.5000']"
test,253,65,0.49230769230769234,-0.015384615384615385,8,"['slope_ema_60m_normalized <= 0.0000', 'price_z > -1.0372', 'minute_of_day > 610.5000', 'ema_15m_normalized > -0.0002', 'macd_normalized > 0.0000', 'bb_position_20 > 0.5050', 'momentum_60m > -0.0010', 'minute_of_day > 903.5000']"
test,96,4815,0.553478712357217,0.10695742471443406,4,"['slope_ema_60m_normalized <= 0.0000', 'price_z <= -1.0372', 'minute_of_day > 203.5000', 'dist_from_low_30m > 0.0011']"
test,5,238,0.634453781512605,0.2689075630252101,5,"['slope_ema_60m_normalized <= 0.0000', 'price_z <= -1.0372', 'minute_of_day <= 203.5000', 'ema_60m_normalized <= 0.0013', 'atr_14 <= 0.0002']"
test,482,168,0.8095238095238095,0.6190476190476191,7,"['slope_ema_60m_normalized > 0.0000', 'price_normalized > 0.0008', 'atr_14 > 0.0006', 'volatility_15m > 0.0017', 'minute_of_day <= 848.5000', 'macd_signal_normalized <= 0.0122', 'macd_histogram_normalized > -0.0002']"
test,318,0,0.0,0.0,8,"['slope_ema_60m_normalized > 0.0000', 'price_normalized <= 0.0008', 'minute_of_day <= 913.5000', 'rsi_14 > 73.9262', 'ema_30m_z > -0.2978', 'volatility_60m > 0.0005', 'dist_from_high_30m > -0.0007', 'day_of_week > 3.5000']"
test,59,806,0.46153846153846156,-0.07692307692307693,6,"['slope_ema_60m_normalized <= 0.0000', 'price_z <= -1.0372', 'minute_of_day <= 203.5000', 'ema_60m_normalized > 0.0013', 'day_of_week > 1.5000', 'minute_of_day > 162.5000']"
test,58,91,0.6483516483516484,0.2967032967032967,8,"['slope_ema_60m_normalized <= 0.0000', 'price_z <= -1.0372', 'minute_of_day <= 203.5000', 'ema_60m_normalized > 0.0013', 'day_of_week > 1.5000', 'minute_of_day <= 162.5000', 'slope_ema_10m_normalized > -0.0000', 'price_range > 0.0001']"
test,224,15199,0.5316139219685506,0.062504112112639,5,"['slope_ema_60m_normalized <= 0.0000', 'price_z > -1.0372', 'minute_of_day > 610.5000', 'ema_15m_normalized > -0.0002', 'macd_normalized <= 0.0000']"
test,118,6,0.8333333333333334,0.6666666666666666,8,"['slope_ema_60m_normalized <= 0.0000', 'price_z <= -1.0372', 'minute_of_day > 203.5000', 'dist_from_low_30m > 0.0011', 'momentum_60m > -0.0244', 'ema_60m_z <= -2.2228', 'volatility_15m > 0.0019', 'momentum_60m <= -0.0149']"
test,321,2385,0.4909853249475891,-0.01928721174004193,5,"['slope_ema_60m_normalized > 0.0000', 'price_normalized <= 0.0008', 'minute_of_day > 913.5000', 'minute_of_day <= 939.5000', 'ema_30m_z <= 2.4003']"
test,472,130,0.5076923076923077,0.015384615384615385,8,"['slope_ema_60m_normalized > 0.0000', 'price_normalized > 0.0008', 'atr_14 > 0.0006', 'volatility_15m <= 0.0017', 'ema_30m_z > 1.2916', 'minute_of_day > 536.5000', 'momentum_60m <= 0.0089', 'volatility_30m > 0.0008']"
test,217,473,0.5095137420718816,0.019027484143763214,7,"['slope_ema_60m_normalized <= 0.0000', 'price_z > -1.0372', 'minute_of_day > 610.5000', 'ema_15m_normalized <= -0.0002', 'ema_30m_normalized > -0.0003', 'ema_60m_z > -1.7468', 'minute_of_day <= 707.5000']"
test,395,233,0.463519313304721,-0.07296137339055794,8,"['slope_ema_60m_normalized > 0.0000', 'price_normalized > 0.0008', 'atr_14 <= 0.0006', 'price_normalized <= 0.0019', 'ema_30m_z <= 1.2758', 'ema_10m_normalized > 0.0001', 'volatility_30m <= 0.0008', 'slope_ema_5m_normalized <= -0.0000']"
test,54,150,0.5133333333333333,0.02666666666666667,8,"['slope_ema_60m_normalized <= 0.0000', 'price_z <= -1.0372', 'minute_of_day <= 203.5000', 'ema_60m_normalized > 0.0013', 'day_of_week > 1.5000', 'minute_of_day <= 162.5000', 'slope_ema_10m_normalized <= -0.0000', 'volatility_60m <= 0.0003']"
test,356,601,0.5241264559068219,0.048252911813643926,8,"['slope_ema_60m_normalized > 0.0000', 'price_normalized <= 0.0008', 'minute_of_day > 913.5000', 'minute_of_day > 939.5000', 'minute_of_day <= 982.5000', 'momentum_60m <= 0.0012', 'ema_15m_z <= 3.1388', 'ema_30m_z > 1.4189']"
test,86,16478,0.5187522757616215,0.03707974268721932,7,"['slope_ema_60m_normalized <= 0.0000', 'price_z <= -1.0372', 'minute_of_day > 203.5000', 'dist_from_low_30m <= 0.0011', 'macd_signal_normalized > -0.0014', 'atr_14 <= 0.0009', 'ema_15m_z > -1.6245']"
test,120,2930,0.5300341296928328,0.060068259385665526,6,"['slope_ema_60m_normalized <= 0.0000', 'price_z <= -1.0372', 'minute_of_day > 203.5000', 'dist_from_low_30m > 0.0011', 'momentum_60m > -0.0244', 'ema_60m_z > -2.2228']"
test,219,473,0.5095137420718816,0.019027484143763214,8,"['slope_ema_60m_normalized <= 0.0000', 'price_z > -1.0372', 'minute_of_day > 610.5000', 'ema_15m_normalized <= -0.0002', 'ema_30m_normalized > -0.0003', 'ema_60m_z > -1.7468', 'minute_of_day <= 707.5000', 'momentum_60m > -0.0192']"
test,213,166,0.4819277108433735,-0.03614457831325301,7,"['slope_ema_60m_normalized <= 0.0000', 'price_z > -1.0372', 'minute_of_day > 610.5000', 'ema_15m_normalized <= -0.0002', 'ema_30m_normalized > -0.0003', 'ema_60m_z <= -1.7468', 'minute_of_day > 901.5000']"
test,227,13738,0.5374144708108896,0.07402824283010627,8,"['slope_ema_60m_normalized <= 0.0000', 'price_z > -1.0372', 'minute_of_day > 610.5000', 'ema_15m_normalized > -0.0002', 'macd_normalized <= 0.0000', 'volatility_60m <= 0.0005', 'ema_15m_z <= 1.5255', 'volatility_60m <= 0.0005']"
test,146,211,0.41706161137440756,-0.16587677725118483,6,"['slope_ema_60m_normalized <= 0.0000', 'price_z > -1.0372', 'minute_of_day <= 610.5000', 'ema_60m_normalized <= 0.0002', 'minute_of_day > 257.5000', 'momentum_30m <= -0.0014']"
test,225,13740,0.5374090247452693,0.0740174672489083,6,"['slope_ema_60m_normalized <= 0.0000', 'price_z > -1.0372', 'minute_of_day > 610.5000', 'ema_15m_normalized > -0.0002', 'macd_normalized <= 0.0000', 'volatility_60m <= 0.0005']"
test,35,3071,0.5239335721263432,0.04786714425268642,4,"['slope_ema_60m_normalized <= 0.0000', 'price_z <= -1.0372', 'minute_of_day <= 203.5000', 'ema_60m_normalized > 0.0013']"
test,339,12,0.4166666666666667,-0.16666666666666666,8,"['slope_ema_60m_normalized > 0.0000', 'price_normalized <= 0.0008', 'minute_of_day > 913.5000', 'minute_of_day <= 939.5000', 'ema_30m_z > 2.4003', 'volatility_15m <= 0.0001', 'macd_histogram_normalized <= 0.0001', 'ema_10m_z <= 2.1906']"
test,226,13738,0.5374144708108896,0.07402824283010627,7,"['slope_ema_60m_normalized <= 0.0000', 'price_z > -1.0372', 'minute_of_day > 610.5000', 'ema_15m_normalized > -0.0002', 'macd_normalized <= 0.0000', 'volatility_60m <= 0.0005', 'ema_15m_z <= 1.5255']"
test,65,516,0.47093023255813954,-0.05813953488372093,8,"['slope_ema_60m_normalized <= 0.0000', 'price_z <= -1.0372', 'minute_of_day <= 203.5000', 'ema_60m_normalized > 0.0013', 'day_of_week > 1.5000', 'minute_of_day > 162.5000', 'ema_10m_normalized > 0.0005', 'momentum_60m > -0.0081']"
test,2,54038,0.5297753432769533,0.05923609311965654,2,"['slope_ema_60m_normalized <= 0.0000', 'price_z <= -1.0372']"
test,245,641,0.5351014040561622,0.0686427457098284,8,"['slope_ema_60m_normalized <= 0.0000', 'price_z > -1.0372', 'minute_of_day > 610.5000', 'ema_15m_normalized > -0.0002', 'macd_normalized > 0.0000', 'bb_position_20 <= 0.5050', 'volatility_60m > 0.0001', 'atr_14 <= 0.0002']"
test,131,288,0.5625,0.125,6,"['slope_ema_60m_normalized <= 0.0000', 'price_z > -1.0372', 'minute_of_day <= 610.5000', 'ema_60m_normalized <= 0.0002', 'minute_of_day <= 257.5000', 'minute_of_day <= 145.5000']"
test,122,2166,0.5346260387811634,0.06925207756232687,8,"['slope_ema_60m_normalized <= 0.0000', 'price_z <= -1.0372', 'minute_of_day > 203.5000', 'dist_from_low_30m > 0.0011', 'momentum_60m > -0.0244', 'ema_60m_z > -2.2228', 'ema_60m_z <= -1.5912', 'volatility_30m <= 0.0011']"
test,324,1719,0.5159976730657359,0.030250145433391506,8,"['slope_ema_60m_normalized > 0.0000', 'price_normalized <= 0.0008', 'minute_of_day > 913.5000', 'minute_of_day <= 939.5000', 'ema_30m_z <= 2.4003', 'macd_signal_normalized <= 0.0006', 'dist_from_low_30m <= 0.0017', 'atr_14 <= 0.0003']"
test,81,34682,0.5252580589354708,0.05017011706360648,5,"['slope_ema_60m_normalized <= 0.0000', 'price_z <= -1.0372', 'minute_of_day > 203.5000', 'dist_from_low_30m <= 0.0011', 'macd_signal_normalized > -0.0014']"
test,477,170,0.8,0.6,5,"['slope_ema_60m_normalized > 0.0000', 'price_normalized > 0.0008', 'atr_14 > 0.0006', 'volatility_15m > 0.0017', 'minute_of_day <= 848.5000']"
test,82,34454,0.524409357404075,0.048470424333894466,6,"['slope_ema_60m_normalized <= 0.0000', 'price_z <= -1.0372', 'minute_of_day > 203.5000', 'dist_from_low_30m <= 0.0011', 'macd_signal_normalized > -0.0014', 'atr_14 <= 0.0009']"
test,66,48442,0.5314809462862805,0.0626522439205648,3,"['slope_ema_60m_normalized <= 0.0000', 'price_z <= -1.0372', 'minute_of_day > 203.5000']"
test,320,2587,0.49439505218399693,-0.012369540007730962,4,"['slope_ema_60m_normalized > 0.0000', 'price_normalized <= 0.0008', 'minute_of_day > 913.5000', 'minute_of_day <= 939.5000']"
test,322,2198,0.5009099181073703,0.00045495905368516835,6,"['slope_ema_60m_normalized > 0.0000', 'price_normalized <= 0.0008', 'minute_of_day > 913.5000', 'minute_of_day <= 939.5000', 'ema_30m_z <= 2.4003', 'macd_signal_normalized <= 0.0006']"
test,115,358,0.61731843575419,0.2346368715083799,8,"['slope_ema_60m_normalized <= 0.0000', 'price_z <= -1.0372', 'minute_of_day > 203.5000', 'dist_from_low_30m > 0.0011', 'momentum_60m > -0.0244', 'ema_60m_z <= -2.2228', 'volatility_15m <= 0.0019', 'bb_position_20 <= 0.2608']"
test,10,0,0.0,0.0,7,"['slope_ema_60m_normalized <= 0.0000', 'price_z <= -1.0372', 'minute_of_day <= 203.5000', 'ema_60m_normalized <= 0.0013', 'atr_14 <= 0.0002', 'dist_from_high_30m <= -0.0008', 'slope_ema_60m_normalized > -0.0000']"
test,94,0,0.0,0.0,8,"['slope_ema_60m_normalized <= 0.0000', 'price_z <= -1.0372', 'minute_of_day > 203.5000', 'dist_from_low_30m <= 0.0011', 'macd_signal_normalized > -0.0014', 'atr_14 > 0.0009', 'atr_14 > 0.0013', 'minute_of_day <= 513.5000']"
test,46,628,0.5971337579617835,0.1942675159235669,8,"['slope_ema_60m_normalized <= 0.0000', 'price_z <= -1.0372', 'minute_of_day <= 203.5000', 'ema_60m_normalized > 0.0013', 'day_of_week <= 1.5000', 'momentum_30m > -0.0306', 'slope_ema_15m_normalized <= -0.0000', 'volatility_15m <= 0.0005']"
test,121,2211,0.5260063319764813,0.05201266395296246,7,"['slope_ema_60m_normalized <= 0.0000', 'price_z <= -1.0372', 'minute_of_day > 203.5000', 'dist_from_low_30m > 0.0011', 'momentum_60m > -0.0244', 'ema_60m_z > -2.2228', 'ema_60m_z <= -1.5912']"
test,67,43627,0.5290531093130401,0.05776239484722764,4,"['slope_ema_60m_normalized <= 0.0000', 'price_z <= -1.0372', 'minute_of_day > 203.5000', 'dist_from_low_30m <= 0.0011']"
test,63,527,0.4781783681214421,-0.04364326375711575,7,"['slope_ema_60m_normalized <= 0.0000', 'price_z <= -1.0372', 'minute_of_day <= 203.5000', 'ema_60m_normalized > 0.0013', 'day_of_week > 1.5000', 'minute_of_day > 162.5000', 'ema_10m_normalized > 0.0005']"
test,88,6890,0.5413642960812772,0.08214804063860667,8,"['slope_ema_60m_normalized <= 0.0000', 'price_z <= -1.0372', 'minute_of_day > 203.5000', 'dist_from_low_30m <= 0.0011', 'macd_signal_normalized > -0.0014', 'atr_14 <= 0.0009', 'ema_15m_z > -1.6245', 'minute_of_day > 646.5000']"
test,484,100,0.82,0.64,8,"['slope_ema_60m_normalized > 0.0000', 'price_normalized > 0.0008', 'atr_14 > 0.0006', 'volatility_15m > 0.0017', 'minute_of_day <= 848.5000', 'macd_signal_normalized <= 0.0122', 'macd_histogram_normalized > -0.0002', 'atr_14 > 0.0011']"
test,276,0,0.0,0.0,8,"['slope_ema_60m_normalized > 0.0000', 'price_normalized <= 0.0008', 'minute_of_day <= 913.5000', 'rsi_14 <= 73.9262', 'volatility_30m > 0.0001', 'volatility_30m <= 0.0001', 'ema_30m_z <= 2.9502', 'ema_60m_z <= 2.3853']"
test,83,17976,0.5295950155763239,0.05891188251001335,7,"['slope_ema_60m_normalized <= 0.0000', 'price_z <= -1.0372', 'minute_of_day > 203.5000', 'dist_from_low_30m <= 0.0011', 'macd_signal_normalized > -0.0014', 'atr_14 <= 0.0009', 'ema_15m_z <= -1.6245']"
test,478,170,0.8,0.6,6,"['slope_ema_60m_normalized > 0.0000', 'price_normalized > 0.0008', 'atr_14 > 0.0006', 'volatility_15m > 0.0017', 'minute_of_day <= 848.5000', 'macd_signal_normalized <= 0.0122']"
test,393,239,0.4602510460251046,-0.0794979079497908,6,"['slope_ema_60m_normalized > 0.0000', 'price_normalized > 0.0008', 'atr_14 <= 0.0006', 'price_normalized <= 0.0019', 'ema_30m_z <= 1.2758', 'ema_10m_normalized > 0.0001']"
test,476,170,0.8,0.6,4,"['slope_ema_60m_normalized > 0.0000', 'price_normalized > 0.0008', 'atr_14 > 0.0006', 'volatility_15m > 0.0017']"
test,417,63,0.5238095238095238,0.047619047619047616,8,"['slope_ema_60m_normalized > 0.0000', 'price_normalized > 0.0008', 'atr_14 <= 0.0006', 'price_normalized > 0.0019', 'day_of_week <= 3.5000', 'minute_of_day <= 573.5000', 'minute_of_day <= 479.5000', 'volatility_60m <= 0.0002']"
test,409,257,0.5097276264591439,0.019455252918287938,8,"['slope_ema_60m_normalized > 0.0000', 'price_normalized > 0.0008', 'atr_14 <= 0.0006', 'price_normalized <= 0.0019', 'ema_30m_z > 1.2758', 'minute_of_day > 911.5000', 'day_of_week <= 3.5000', 'volatility_60m > 0.0003']"
test,84,15834,0.5272199065302513,0.05412403688265757,8,"['slope_ema_60m_normalized <= 0.0000', 'price_z <= -1.0372', 'minute_of_day > 203.5000', 'dist_from_low_30m <= 0.0011', 'macd_signal_normalized > -0.0014', 'atr_14 <= 0.0009', 'ema_15m_z <= -1.6245', 'minute_of_day <= 886.5000']"
test,394,239,0.4602510460251046,-0.0794979079497908,7,"['slope_ema_60m_normalized > 0.0000', 'price_normalized > 0.0008', 'atr_14 <= 0.0006', 'price_normalized <= 0.0019', 'ema_30m_z <= 1.2758', 'ema_10m_normalized > 0.0001', 'volatility_30m <= 0.0008']"
test,323,2021,0.4967837704106878,-0.007916872835230085,7,"['slope_ema_60m_normalized > 0.0000', 'price_normalized <= 0.0008', 'minute_of_day > 913.5000', 'minute_of_day <= 939.5000', 'ema_30m_z <= 2.4003', 'macd_signal_normalized <= 0.0006', 'dist_from_low_30m <= 0.0017']"
test,236,141,0.5531914893617021,0.10638297872340426,7,"['slope_ema_60m_normalized <= 0.0000', 'price_z > -1.0372', 'minute_of_day > 610.5000', 'ema_15m_normalized > -0.0002', 'macd_normalized <= 0.0000', 'volatility_60m > 0.0005', 'dist_from_low_30m > 0.0030']"
test,11,0,0.0,0.0,8,"['slope_ema_60m_normalized <= 0.0000', 'price_z <= -1.0372', 'minute_of_day <= 203.5000', 'ema_60m_normalized <= 0.0013', 'atr_14 <= 0.0002', 'dist_from_high_30m <= -0.0008', 'slope_ema_60m_normalized > -0.0000', 'volatility_30m <= 0.0004']"
test,76,3587,0.5740172846389741,0.1474770002787845,8,"['slope_ema_60m_normalized <= 0.0000', 'price_z <= -1.0372', 'minute_of_day > 203.5000', 'dist_from_low_30m <= 0.0011', 'macd_signal_normalized <= -0.0014', 'volatility_60m > 0.0002', 'ema_15m_z <= -1.0868', 'ema_60m_z <= -2.2049']"
test,6,161,0.577639751552795,0.15527950310559005,6,"['slope_ema_60m_normalized <= 0.0000', 'price_z <= -1.0372', 'minute_of_day <= 203.5000', 'ema_60m_normalized <= 0.0013', 'atr_14 <= 0.0002', 'dist_from_high_30m <= -0.0008']"
test,364,61,0.47540983606557374,-0.04918032786885246,7,"['slope_ema_60m_normalized > 0.0000', 'price_normalized <= 0.0008', 'minute_of_day > 913.5000', 'minute_of_day > 939.5000', 'minute_of_day <= 982.5000', 'momentum_60m > 0.0012', 'volatility_30m > 0.0003']"
test,421,50,0.72,0.44,8,"['slope_ema_60m_normalized > 0.0000', 'price_normalized > 0.0008', 'atr_14 <= 0.0006', 'price_normalized > 0.0019', 'day_of_week <= 3.5000', 'minute_of_day <= 573.5000', 'minute_of_day > 479.5000', 'volatility_60m > 0.0005']"
test,181,1,0.0,-1.0,7,"['slope_ema_60m_normalized <= 0.0000', 'price_z > -1.0372', 'minute_of_day <= 610.5000', 'ema_60m_normalized > 0.0002', 'volatility_60m > 0.0019', 'dist_from_low_30m <= 0.0074', 'momentum_15m > 0.0013']"
test,51,1903,0.5039411455596426,0.007882291119285338,5,"['slope_ema_60m_normalized <= 0.0000', 'price_z <= -1.0372', 'minute_of_day <= 203.5000', 'ema_60m_normalized > 0.0013', 'day_of_week > 1.5000']"
test,274,0,0.0,0.0,6,"['slope_ema_60m_normalized > 0.0000', 'price_normalized <= 0.0008', 'minute_of_day <= 913.5000', 'rsi_14 <= 73.9262', 'volatility_30m > 0.0001', 'volatility_30m <= 0.0001']"
test,135,185,0.5405405405405406,0.08108108108108109,7,"['slope_ema_60m_normalized <= 0.0000', 'price_z > -1.0372', 'minute_of_day <= 610.5000', 'ema_60m_normalized <= 0.0002', 'minute_of_day <= 257.5000', 'minute_of_day <= 145.5000', 'volatility_30m > 0.0002']"
test,350,71,0.4647887323943662,-0.07042253521126761,8,"['slope_ema_60m_normalized > 0.0000', 'price_normalized <= 0.0008', 'minute_of_day > 913.5000', 'minute_of_day <= 939.5000', 'ema_30m_z > 2.4003', 'volatility_15m > 0.0001', 'day_of_week > 1.5000', 'momentum_60m > 0.0004']"
test,68,8945,0.5437674678591392,0.08719955282280603,5,"['slope_ema_60m_normalized <= 0.0000', 'price_z <= -1.0372', 'minute_of_day > 203.5000', 'dist_from_low_30m <= 0.0011', 'macd_signal_normalized <= -0.0014']"
test,297,45,0.5555555555555556,0.1111111111111111,6,"['slope_ema_60m_normalized > 0.0000', 'price_normalized <= 0.0008', 'minute_of_day <= 913.5000', 'rsi_14 > 73.9262', 'ema_30m_z <= -0.2978', 'rsi_14 > 91.0142']"
test,74,8898,0.5437176893683974,0.08709822432007193,6,"['slope_ema_60m_normalized <= 0.0000', 'price_z <= -1.0372', 'minute_of_day > 203.5000', 'dist_from_low_30m <= 0.0011', 'macd_signal_normalized <= -0.0014', 'volatility_60m > 0.0002']"
test,275,0,0.0,0.0,7,"['slope_ema_60m_normalized > 0.0000', 'price_normalized <= 0.0008', 'minute_of_day <= 913.5000', 'rsi_14 <= 73.9262', 'volatility_30m > 0.0001', 'volatility_30m <= 0.0001', 'ema_30m_z <= 2.9502']"
test,149,137,0.45255474452554745,-0.0948905109489051,8,"['slope_ema_60m_normalized <= 0.0000', 'price_z > -1.0372', 'minute_of_day <= 610.5000', 'ema_60m_normalized <= 0.0002', 'minute_of_day > 257.5000', 'momentum_30m <= -0.0014', 'slope_ema_30m_normalized <= -0.0000', 'ema_5m_z > -0.9873']"
test,75,8830,0.5440543601359004,0.08776896942242356,7,"['slope_ema_60m_normalized <= 0.0000', 'price_z <= -1.0372', 'minute_of_day > 203.5000', 'dist_from_low_30m <= 0.0011', 'macd_signal_normalized <= -0.0014', 'volatility_60m > 0.0002', 'ema_15m_z <= -1.0868']"
test,266,293,0.46757679180887374,-0.07167235494880546,6,"['slope_ema_60m_normalized > 0.0000', 'price_normalized <= 0.0008', 'minute_of_day <= 913.5000', 'rsi_14 <= 73.9262', 'volatility_30m <= 0.0001', 'minute_of_day > 901.5000']"
test,376,584,0.5907534246575342,0.1815068493150685,7,"['slope_ema_60m_normalized > 0.0000', 'price_normalized <= 0.0008', 'minute_of_day > 913.5000', 'minute_of_day > 939.5000', 'minute_of_day > 982.5000', 'volatility_30m > 0.0001', 'bb_position_20 <= 0.8035']"
test,228,0,0.0,0.0,8,"['slope_ema_60m_normalized <= 0.0000', 'price_z > -1.0372', 'minute_of_day > 610.5000', 'ema_15m_normalized > -0.0002', 'macd_normalized <= 0.0000', 'volatility_60m <= 0.0005', 'ema_15m_z <= 1.5255', 'volatility_60m > 0.0005']"
test,147,149,0.436241610738255,-0.12751677852348994,7,"['slope_ema_60m_normalized <= 0.0000', 'price_z > -1.0372', 'minute_of_day <= 610.5000', 'ema_60m_normalized <= 0.0002', 'minute_of_day > 257.5000', 'momentum_30m <= -0.0014', 'slope_ema_30m_normalized <= -0.0000']"
test,111,5,0.6,0.2,8,"['slope_ema_60m_normalized <= 0.0000', 'price_z <= -1.0372', 'minute_of_day > 203.5000', 'dist_from_low_30m > 0.0011', 'momentum_60m <= -0.0244', 'momentum_30m > -0.0239', 'volatility_60m > 0.0023', 'minute_of_day > 267.5000']"
test,137,151,0.5033112582781457,0.006622516556291391,8,"['slope_ema_60m_normalized <= 0.0000', 'price_z > -1.0372', 'minute_of_day <= 610.5000', 'ema_60m_normalized <= 0.0002', 'minute_of_day <= 257.5000', 'minute_of_day <= 145.5000', 'volatility_30m > 0.0002', 'ema_15m_z > -1.1996']"
test,18,1,0.0,-1.0,8,"['slope_ema_60m_normalized <= 0.0000', 'price_z <= -1.0372', 'minute_of_day <= 203.5000', 'ema_60m_normalized <= 0.0013', 'atr_14 <= 0.0002', 'dist_from_high_30m > -0.0008', 'ema_60m_z > -2.4093', 'volatility_60m <= 0.0001']"
test,77,5243,0.523555216479115,0.04691970246042342,8,"['slope_ema_60m_normalized <= 0.0000', 'price_z <= -1.0372', 'minute_of_day > 203.5000', 'dist_from_low_30m <= 0.0011', 'macd_signal_normalized <= -0.0014', 'volatility_60m > 0.0002', 'ema_15m_z <= -1.0868', 'ema_60m_z > -2.2049']"
test,344,118,0.4830508474576271,-0.03389830508474576,6,"['slope_ema_60m_normalized > 0.0000', 'price_normalized <= 0.0008', 'minute_of_day > 913.5000', 'minute_of_day <= 939.5000', 'ema_30m_z > 2.4003', 'volatility_15m > 0.0001']"
test,238,119,0.5798319327731093,0.15966386554621848,8,"['slope_ema_60m_normalized <= 0.0000', 'price_z > -1.0372', 'minute_of_day > 610.5000', 'ema_15m_normalized > -0.0002', 'macd_normalized <= 0.0000', 'volatility_60m > 0.0005', 'dist_from_low_30m > 0.0030', 'day_of_week > 0.5000']"
test,367,966,0.5600414078674948,0.11904761904761904,5,"['slope_ema_60m_normalized > 0.0000', 'price_normalized <= 0.0008', 'minute_of_day > 913.5000', 'minute_of_day > 939.5000', 'minute_of_day > 982.5000']"
test,268,217,0.4792626728110599,-0.05069124423963134,8,"['slope_ema_60m_normalized > 0.0000', 'price_normalized <= 0.0008', 'minute_of_day <= 913.5000', 'rsi_14 <= 73.9262', 'volatility_30m <= 0.0001', 'minute_of_day > 901.5000', 'volatility_60m <= 0.0001', 'macd_signal_normalized <= 0.0003']"
test,491,0,0.0,0.0,6,"['slope_ema_60m_normalized > 0.0000', 'price_normalized > 0.0008', 'atr_14 > 0.0006', 'volatility_15m > 0.0017', 'minute_of_day > 848.5000', 'atr_14 <= 0.0027']"
test,52,1097,0.5350957155879672,0.07019143117593436,6,"['slope_ema_60m_normalized <= 0.0000', 'price_z <= -1.0372', 'minute_of_day <= 203.5000', 'ema_60m_normalized > 0.0013', 'day_of_week > 1.5000', 'minute_of_day <= 162.5000']"
test,123,45,0.1111111111111111,-0.7777777777777778,8,"['slope_ema_60m_normalized <= 0.0000', 'price_z <= -1.0372', 'minute_of_day > 203.5000', 'dist_from_low_30m > 0.0011', 'momentum_60m > -0.0244', 'ema_60m_z > -2.2228', 'ema_60m_z <= -1.5912', 'volatility_30m > 0.0011']"
test,298,44,0.5681818181818182,0.13636363636363635,7,"['slope_ema_60m_normalized > 0.0000', 'price_normalized <= 0.0008', 'minute_of_day <= 913.5000', 'rsi_14 > 73.9262', 'ema_30m_z <= -0.2978', 'rsi_14 > 91.0142', 'ema_60m_z <= 0.0072']"
test,53,1003,0.5244267198404786,0.04885343968095713,7,"['slope_ema_60m_normalized <= 0.0000', 'price_z <= -1.0372', 'minute_of_day <= 203.5000', 'ema_60m_normalized > 0.0013', 'day_of_week > 1.5000', 'minute_of_day <= 162.5000', 'slope_ema_10m_normalized <= -0.0000']"
test,366,44,0.5,0.0,8,"['slope_ema_60m_normalized > 0.0000', 'price_normalized <= 0.0008', 'minute_of_day > 913.5000', 'minute_of_day > 939.5000', 'minute_of_day <= 982.5000', 'momentum_60m > 0.0012', 'volatility_30m > 0.0003', 'momentum_30m > -0.0004']"
test,102,2,1.0,1.0,7,"['slope_ema_60m_normalized <= 0.0000', 'price_z <= -1.0372', 'minute_of_day > 203.5000', 'dist_from_low_30m > 0.0011', 'momentum_60m <= -0.0244', 'momentum_30m <= -0.0239', 'minute_of_day > 606.0000']"
test,212,0,0.0,0.0,8,"['slope_ema_60m_normalized <= 0.0000', 'price_z > -1.0372', 'minute_of_day > 610.5000', 'ema_15m_normalized <= -0.0002', 'ema_30m_normalized > -0.0003', 'ema_60m_z <= -1.7468', 'minute_of_day <= 901.5000', 'volatility_60m > 0.0012']"
test,221,37,0.6216216216216216,0.24324324324324326,8,"['slope_ema_60m_normalized <= 0.0000', 'price_z > -1.0372', 'minute_of_day > 610.5000', 'ema_15m_normalized <= -0.0002', 'ema_30m_normalized > -0.0003', 'ema_60m_z > -1.7468', 'minute_of_day > 707.5000', 'return_lag_2 <= -0.0004']"
test,480,2,0.0,-1.0,8,"['slope_ema_60m_normalized > 0.0000', 'price_normalized > 0.0008', 'atr_14 > 0.0006', 'volatility_15m > 0.0017', 'minute_of_day <= 848.5000', 'macd_signal_normalized <= 0.0122', 'macd_histogram_normalized <= -0.0002', 'momentum_60m <= 0.0215']"
test,176,66,0.2878787878787879,-0.42424242424242425,5,"['slope_ema_60m_normalized <= 0.0000', 'price_z > -1.0372', 'minute_of_day <= 610.5000', 'ema_60m_normalized > 0.0002', 'volatility_60m > 0.0019']"
test,139,10,0.8,0.6,7,"['slope_ema_60m_normalized <= 0.0000', 'price_z > -1.0372', 'minute_of_day <= 610.5000', 'ema_60m_normalized <= 0.0002', 'minute_of_day <= 257.5000', 'minute_of_day > 145.5000', 'rsi_14 <= 19.9567']"
test,55,853,0.5263774912075029,0.05275498241500586,8,"['slope_ema_60m_normalized <= 0.0000', 'price_z <= -1.0372', 'minute_of_day <= 203.5000', 'ema_60m_normalized > 0.0013', 'day_of_week > 1.5000', 'minute_of_day <= 162.5000', 'slope_ema_10m_normalized <= -0.0000', 'volatility_60m > 0.0003']"
test,183,1,0.0,-1.0,8,"['slope_ema_60m_normalized <= 0.0000', 'price_z > -1.0372', 'minute_of_day <= 610.5000', 'ema_60m_normalized > 0.0002', 'volatility_60m > 0.0019', 'dist_from_low_30m <= 0.0074', 'momentum_15m > 0.0013', 'volatility_15m > 0.0005']"
test,368,161,0.4409937888198758,-0.12422360248447205,6,"['slope_ema_60m_normalized > 0.0000', 'price_normalized <= 0.0008', 'minute_of_day > 913.5000', 'minute_of_day > 939.5000', 'minute_of_day > 982.5000', 'volatility_30m <= 0.0001']"
test,299,42,0.5952380952380952,0.19047619047619047,8,"['slope_ema_60m_normalized > 0.0000', 'price_normalized <= 0.0008', 'minute_of_day <= 913.5000', 'rsi_14 > 73.9262', 'ema_30m_z <= -0.2978', 'rsi_14 > 91.0142', 'ema_60m_z <= 0.0072', 'momentum_30m <= 0.0013']"
test,325,302,0.38741721854304634,-0.2251655629139073,8,"['slope_ema_60m_normalized > 0.0000', 'price_normalized <= 0.0008', 'minute_of_day > 913.5000', 'minute_of_day <= 939.5000', 'ema_30m_z <= 2.4003', 'macd_signal_normalized <= 0.0006', 'dist_from_low_30m <= 0.0017', 'atr_14 > 0.0003']"
test,272,12,0.4166666666666667,-0.16666666666666666,8,"['slope_ema_60m_normalized > 0.0000', 'price_normalized <= 0.0008', 'minute_of_day <= 913.5000', 'rsi_14 <= 73.9262', 'volatility_30m <= 0.0001', 'minute_of_day > 901.5000', 'volatility_60m > 0.0001', 'volatility_15m > 0.0001']"
test,205,3,0.3333333333333333,-0.3333333333333333,7,"['slope_ema_60m_normalized <= 0.0000', 'price_z > -1.0372', 'minute_of_day > 610.5000', 'ema_15m_normalized <= -0.0002', 'ema_30m_normalized <= -0.0003', 'dist_from_high_30m > -0.0014', 'dist_from_low_30m > 0.0058']"
test,336,202,0.5346534653465347,0.06930693069306931,5,"['slope_ema_60m_normalized > 0.0000', 'price_normalized <= 0.0008', 'minute_of_day > 913.5000', 'minute_of_day <= 939.5000', 'ema_30m_z > 2.4003']"
test,396,6,0.3333333333333333,-0.3333333333333333,8,"['slope_ema_60m_normalized > 0.0000', 'price_normalized > 0.0008', 'atr_14 <= 0.0006', 'price_normalized <= 0.0019', 'ema_30m_z <= 1.2758', 'ema_10m_normalized > 0.0001', 'volatility_30m <= 0.0008', 'slope_ema_5m_normalized > -0.0000']"
test,311,3,0.0,-1.0,8,"['slope_ema_60m_normalized > 0.0000', 'price_normalized <= 0.0008', 'minute_of_day <= 913.5000', 'rsi_14 > 73.9262', 'ema_30m_z > -0.2978', 'volatility_60m <= 0.0005', 'momentum_60m > 0.0021', 'ema_60m_normalized > -0.0005']"
test,101,0,0.0,0.0,8,"['slope_ema_60m_normalized <= 0.0000', 'price_z <= -1.0372', 'minute_of_day > 203.5000', 'dist_from_low_30m > 0.0011', 'momentum_60m <= -0.0244', 'momentum_30m <= -0.0239', 'minute_of_day <= 606.0000', 'momentum_60m > -0.0253']"
test,479,2,0.0,-1.0,7,"['slope_ema_60m_normalized > 0.0000', 'price_normalized > 0.0008', 'atr_14 > 0.0006', 'volatility_15m > 0.0017', 'minute_of_day <= 848.5000', 'macd_signal_normalized <= 0.0122', 'macd_histogram_normalized <= -0.0002']"
test,378,517,0.6131528046421664,0.2263056092843327,8,"['slope_ema_60m_normalized > 0.0000', 'price_normalized <= 0.0008', 'minute_of_day > 913.5000', 'minute_of_day > 939.5000', 'minute_of_day > 982.5000', 'volatility_30m > 0.0001', 'bb_position_20 <= 0.8035', 'ema_60m_normalized > -0.0006']"
test,262,4,0.0,-1.0,8,"['slope_ema_60m_normalized > 0.0000', 'price_normalized <= 0.0008', 'minute_of_day <= 913.5000', 'rsi_14 <= 73.9262', 'volatility_30m <= 0.0001', 'minute_of_day <= 901.5000', 'price_normalized <= 0.0003', 'momentum_60m > 0.0017']"
test,105,8,0.625,0.25,6,"['slope_ema_60m_normalized <= 0.0000', 'price_z <= -1.0372', 'minute_of_day > 203.5000', 'dist_from_low_30m > 0.0011', 'momentum_60m <= -0.0244', 'momentum_30m > -0.0239']"
test,312,16,0.3125,-0.375,6,"['slope_ema_60m_normalized > 0.0000', 'price_normalized <= 0.0008', 'minute_of_day <= 913.5000', 'rsi_14 > 73.9262', 'ema_30m_z > -0.2978', 'volatility_60m > 0.0005']"
test,369,156,0.42948717948717946,-0.14743589743589744,7,"['slope_ema_60m_normalized > 0.0000', 'price_normalized <= 0.0008', 'minute_of_day > 913.5000', 'minute_of_day > 939.5000', 'minute_of_day > 982.5000', 'volatility_30m <= 0.0001', 'dist_from_low_30m <= 0.0011']"
test,327,20,0.75,0.5,8,"['slope_ema_60m_normalized > 0.0000', 'price_normalized <= 0.0008', 'minute_of_day > 913.5000', 'minute_of_day <= 939.5000', 'ema_30m_z <= 2.4003', 'macd_signal_normalized <= 0.0006', 'dist_from_low_30m > 0.0017', 'day_of_week <= 0.5000']"
test,21,0,0.0,0.0,6,"['slope_ema_60m_normalized <= 0.0000', 'price_z <= -1.0372', 'minute_of_day <= 203.5000', 'ema_60m_normalized <= 0.0013', 'atr_14 > 0.0002', 'volatility_60m <= 0.0001']"
test,177,46,0.2391304347826087,-0.5217391304347826,6,"['slope_ema_60m_normalized <= 0.0000', 'price_z > -1.0372', 'minute_of_day <= 610.5000', 'ema_60m_normalized > 0.0002', 'volatility_60m > 0.0019', 'dist_from_low_30m <= 0.0074']"
test,332,21,0.42857142857142855,-0.14285714285714285,8,"['slope_ema_60m_normalized > 0.0000', 'price_normalized <= 0.0008', 'minute_of_day > 913.5000', 'minute_of_day <= 939.5000', 'ema_30m_z <= 2.4003', 'macd_signal_normalized > 0.0006', 'dist_from_high_30m <= -0.0003', 'macd_normalized > 0.0009']"
test,7,161,0.577639751552795,0.15527950310559005,7,"['slope_ema_60m_normalized <= 0.0000', 'price_z <= -1.0372', 'minute_of_day <= 203.5000', 'ema_60m_normalized <= 0.0013', 'atr_14 <= 0.0002', 'dist_from_high_30m <= -0.0008', 'slope_ema_60m_normalized <= -0.0000']"
test,267,250,0.436,-0.136,7,"['slope_ema_60m_normalized > 0.0000', 'price_normalized <= 0.0008', 'minute_of_day <= 913.5000', 'rsi_14 <= 73.9262', 'volatility_30m <= 0.0001', 'minute_of_day > 901.5000', 'volatility_60m <= 0.0001']"
test,64,11,0.8181818181818182,0.6363636363636364,8,"['slope_ema_60m_normalized <= 0.0000', 'price_z <= -1.0372', 'minute_of_day <= 203.5000', 'ema_60m_normalized > 0.0013', 'day_of_week > 1.5000', 'minute_of_day > 162.5000', 'ema_10m_normalized > 0.0005', 'momentum_60m <= -0.0081']"
test,345,41,0.43902439024390244,-0.12195121951219512,7,"['slope_ema_60m_normalized > 0.0000', 'price_normalized <= 0.0008', 'minute_of_day > 913.5000', 'minute_of_day <= 939.5000', 'ema_30m_z > 2.4003', 'volatility_15m > 0.0001', 'day_of_week <= 1.5000']"
test,333,13,0.15384615384615385,-0.6923076923076923,7,"['slope_ema_60m_normalized > 0.0000', 'price_normalized <= 0.0008', 'minute_of_day > 913.5000', 'minute_of_day <= 939.5000', 'ema_30m_z <= 2.4003', 'macd_signal_normalized > 0.0006', 'dist_from_high_30m > -0.0003']"
test,170,5,0.4,-0.2,7,"['slope_ema_60m_normalized <= 0.0000', 'price_z > -1.0372', 'minute_of_day <= 610.5000', 'ema_60m_normalized > 0.0002', 'volatility_60m <= 0.0019', 'minute_of_day > 238.5000', 'volatility_30m <= 0.0001']"
test,206,0,0.0,0.0,8,"['slope_ema_60m_normalized <= 0.0000', 'price_z > -1.0372', 'minute_of_day > 610.5000', 'ema_15m_normalized <= -0.0002', 'ema_30m_normalized <= -0.0003', 'dist_from_high_30m > -0.0014', 'dist_from_low_30m > 0.0058', 'minute_of_day <= 694.5000']"
test,359,0,0.0,0.0,8,"['slope_ema_60m_normalized > 0.0000', 'price_normalized <= 0.0008', 'minute_of_day > 913.5000', 'minute_of_day > 939.5000', 'minute_of_day <= 982.5000', 'momentum_60m <= 0.0012', 'ema_15m_z > 3.1388', 'momentum_30m > 0.0010']"
test,97,10,0.7,0.4,5,"['slope_ema_60m_normalized <= 0.0000', 'price_z <= -1.0372', 'minute_of_day > 203.5000', 'dist_from_low_30m > 0.0011', 'momentum_60m <= -0.0244']"
test,140,3,0.6666666666666666,0.3333333333333333,8,"['slope_ema_60m_normalized <= 0.0000', 'price_z > -1.0372', 'minute_of_day <= 610.5000', 'ema_60m_normalized <= 0.0002', 'minute_of_day <= 257.5000', 'minute_of_day > 145.5000', 'rsi_14 <= 19.9567', 'dist_from_high_30m <= -0.0017']"
test,277,0,0.0,0.0,8,"['slope_ema_60m_normalized > 0.0000', 'price_normalized <= 0.0008', 'minute_of_day <= 913.5000', 'rsi_14 <= 73.9262', 'volatility_30m > 0.0001', 'volatility_30m <= 0.0001', 'ema_30m_z <= 2.9502', 'ema_60m_z > 2.3853']"
test,172,5,0.4,-0.2,8,"['slope_ema_60m_normalized <= 0.0000', 'price_z > -1.0372', 'minute_of_day <= 610.5000', 'ema_60m_normalized > 0.0002', 'volatility_60m <= 0.0019', 'minute_of_day > 238.5000', 'volatility_30m <= 0.0001', 'ema_5m_z > -1.1218']"
test,26,0,0.0,0.0,8,"['slope_ema_60m_normalized <= 0.0000', 'price_z <= -1.0372', 'minute_of_day <= 203.5000', 'ema_60m_normalized <= 0.0013', 'atr_14 > 0.0002', 'volatility_60m <= 0.0001', 'macd_signal_normalized > -0.0003', 'volatility_15m <= 0.0001']"
test,371,0,0.0,0.0,8,"['slope_ema_60m_normalized > 0.0000', 'price_normalized <= 0.0008', 'minute_of_day > 913.5000', 'minute_of_day > 939.5000', 'minute_of_day > 982.5000', 'volatility_30m <= 0.0001', 'dist_from_low_30m <= 0.0011', 'volatility_30m > 0.0001']"
test,215,39,0.23076923076923078,-0.5384615384615384,8,"['slope_ema_60m_normalized <= 0.0000', 'price_z > -1.0372', 'minute_of_day > 610.5000', 'ema_15m_normalized <= -0.0002', 'ema_30m_normalized > -0.0003', 'ema_60m_z <= -1.7468', 'minute_of_day > 901.5000', 'dist_from_low_30m > 0.0024']"
test,178,45,0.24444444444444444,-0.5111111111111111,7,"['slope_ema_60m_normalized <= 0.0000', 'price_z > -1.0372', 'minute_of_day <= 610.5000', 'ema_60m_normalized > 0.0002', 'volatility_60m > 0.0019', 'dist_from_low_30m <= 0.0074', 'momentum_15m <= 0.0013']"
test,434,1,0.0,-1.0,7,"['slope_ema_60m_normalized > 0.0000', 'price_normalized > 0.0008', 'atr_14 <= 0.0006', 'price_normalized > 0.0019', 'day_of_week > 3.5000', 'macd_normalized <= 0.0027', 'volatility_30m > 0.0011']"
test,180,45,0.24444444444444444,-0.5111111111111111,8,"['slope_ema_60m_normalized <= 0.0000', 'price_z > -1.0372', 'minute_of_day <= 610.5000', 'ema_60m_normalized > 0.0002', 'volatility_60m > 0.0019', 'dist_from_low_30m <= 0.0074', 'momentum_15m <= 0.0013', 'momentum_15m > -0.0105']"
test,188,0,0.0,0.0,7,"['slope_ema_60m_normalized <= 0.0000', 'price_z > -1.0372', 'minute_of_day <= 610.5000', 'ema_60m_normalized > 0.0002', 'volatility_60m > 0.0019', 'dist_from_low_30m > 0.0074', 'volatility_60m > 0.0050']"
test,343,18,0.4444444444444444,-0.1111111111111111,8,"['slope_ema_60m_normalized > 0.0000', 'price_normalized <= 0.0008', 'minute_of_day > 913.5000', 'minute_of_day <= 939.5000', 'ema_30m_z > 2.4003', 'volatility_15m <= 0.0001', 'macd_histogram_normalized > 0.0001', 'atr_14 > 0.0001']"
test,280,0,0.0,0.0,8,"['slope_ema_60m_normalized > 0.0000', 'price_normalized <= 0.0008', 'minute_of_day <= 913.5000', 'rsi_14 <= 73.9262', 'volatility_30m > 0.0001', 'volatility_30m <= 0.0001', 'ema_30m_z > 2.9502', 'slope_ema_5m_normalized > 0.0001']"
test,106,3,0.6666666666666666,0.3333333333333333,7,"['slope_ema_60m_normalized <= 0.0000', 'price_z <= -1.0372', 'minute_of_day > 203.5000', 'dist_from_low_30m > 0.0011', 'momentum_60m <= -0.0244', 'momentum_30m > -0.0239', 'volatility_60m <= 0.0023']"
test,148,12,0.25,-0.5,8,"['slope_ema_60m_normalized <= 0.0000', 'price_z > -1.0372', 'minute_of_day <= 610.5000', 'ema_60m_normalized <= 0.0002', 'minute_of_day > 257.5000', 'momentum_30m <= -0.0014', 'slope_ema_30m_normalized <= -0.0000', 'ema_5m_z <= -0.9873']"
test,337,84,0.6071428571428571,0.21428571428571427,6,"['slope_ema_60m_normalized > 0.0000', 'price_normalized <= 0.0008', 'minute_of_day > 913.5000', 'minute_of_day <= 939.5000', 'ema_30m_z > 2.4003', 'volatility_15m <= 0.0001']"
test,346,36,0.4444444444444444,-0.1111111111111111,8,"['slope_ema_60m_normalized > 0.0000', 'price_normalized <= 0.0008', 'minute_of_day > 913.5000', 'minute_of_day <= 939.5000', 'ema_30m_z > 2.4003', 'volatility_15m > 0.0001', 'day_of_week <= 1.5000', 'momentum_60m <= 0.0009']"
test,315,5,0.4,-0.2,8,"['slope_ema_60m_normalized > 0.0000', 'price_normalized <= 0.0008', 'minute_of_day <= 913.5000', 'rsi_14 > 73.9262', 'ema_30m_z > -0.2978', 'volatility_60m > 0.0005', 'dist_from_high_30m <= -0.0007', 'minute_of_day > 365.5000']"
test,334,10,0.2,-0.6,8,"['slope_ema_60m_normalized > 0.0000', 'price_normalized <= 0.0008', 'minute_of_day > 913.5000', 'minute_of_day <= 939.5000', 'ema_30m_z <= 2.4003', 'macd_signal_normalized > 0.0006', 'dist_from_high_30m > -0.0003', 'day_of_week <= 3.5000']"
test,9,65,0.6153846153846154,0.23076923076923078,8,"['slope_ema_60m_normalized <= 0.0000', 'price_z <= -1.0372', 'minute_of_day <= 203.5000', 'ema_60m_normalized <= 0.0013', 'atr_14 <= 0.0002', 'dist_from_high_30m <= -0.0008', 'slope_ema_60m_normalized <= -0.0000', 'volatility_30m > 0.0002']"
test,450,1,0.0,-1.0,8,"['slope_ema_60m_normalized > 0.0000', 'price_normalized > 0.0008', 'atr_14 > 0.0006', 'volatility_15m <= 0.0017', 'ema_30m_z <= 1.2916', 'volatility_30m <= 0.0007', 'dist_from_low_30m <= 0.0021', 'price_normalized > 0.0029']"
test,316,7,0.2857142857142857,-0.42857142857142855,7,"['slope_ema_60m_normalized > 0.0000', 'price_normalized <= 0.0008', 'minute_of_day <= 913.5000', 'rsi_14 > 73.9262', 'ema_30m_z > -0.2978', 'volatility_60m > 0.0005', 'dist_from_high_30m > -0.0007']"
test,490,0,0.0,0.0,5,"['slope_ema_60m_normalized > 0.0000', 'price_normalized > 0.0008', 'atr_14 > 0.0006', 'volatility_15m > 0.0017', 'minute_of_day > 848.5000']"
test,338,66,0.6515151515151515,0.30303030303030304,7,"['slope_ema_60m_normalized > 0.0000', 'price_normalized <= 0.0008', 'minute_of_day > 913.5000', 'minute_of_day <= 939.5000', 'ema_30m_z > 2.4003', 'volatility_15m <= 0.0001', 'macd_histogram_normalized <= 0.0001']"
test,108,1,0.0,-1.0,8,"['slope_ema_60m_normalized <= 0.0000', 'price_z <= -1.0372', 'minute_of_day > 203.5000', 'dist_from_low_30m > 0.0011', 'momentum_60m <= -0.0244', 'momentum_30m > -0.0239', 'volatility_60m <= 0.0023', 'ema_60m_z > -2.4415']"
test,488,0,0.0,0.0,8,"['slope_ema_60m_normalized > 0.0000', 'price_normalized > 0.0008', 'atr_14 > 0.0006', 'volatility_15m > 0.0017', 'minute_of_day <= 848.5000', 'macd_signal_normalized > 0.0122', 'minute_of_day <= 496.5000', 'ema_10m_z > 3.2906']"
test,269,33,0.15151515151515152,-0.696969696969697,8,"['slope_ema_60m_normalized > 0.0000', 'price_normalized <= 0.0008', 'minute_of_day <= 913.5000', 'rsi_14 <= 73.9262', 'volatility_30m <= 0.0001', 'minute_of_day > 901.5000', 'volatility_60m <= 0.0001', 'macd_signal_normalized > 0.0003']"
test,98,2,1.0,1.0,6,"['slope_ema_60m_normalized <= 0.0000', 'price_z <= -1.0372', 'minute_of_day > 203.5000', 'dist_from_low_30m > 0.0011', 'momentum_60m <= -0.0244', 'momentum_30m <= -0.0239']"
test,317,7,0.2857142857142857,-0.42857142857142855,8,"['slope_ema_60m_normalized > 0.0000', 'price_normalized <= 0.0008', 'minute_of_day <= 913.5000', 'rsi_14 > 73.9262', 'ema_30m_z > -0.2978', 'volatility_60m > 0.0005', 'dist_from_high_30m > -0.0007', 'day_of_week <= 3.5000']"
test,37,0,0.0,0.0,6,"['slope_ema_60m_normalized <= 0.0000', 'price_z <= -1.0372', 'minute_of_day <= 203.5000', 'ema_60m_normalized > 0.0013', 'day_of_week <= 1.5000', 'momentum_30m <= -0.0306']"
test,22,0,0.0,0.0,7,"['slope_ema_60m_normalized <= 0.0000', 'price_z <= -1.0372', 'minute_of_day <= 203.5000', 'ema_60m_normalized <= 0.0013', 'atr_14 > 0.0002', 'volatility_60m <= 0.0001', 'macd_signal_normalized <= -0.0003']"
test,340,54,0.7037037037037037,0.4074074074074074,8,"['slope_ema_60m_normalized > 0.0000', 'price_normalized <= 0.0008', 'minute_of_day > 913.5000', 'minute_of_day <= 939.5000', 'ema_30m_z > 2.4003', 'volatility_15m <= 0.0001', 'macd_histogram_normalized <= 0.0001', 'ema_10m_z > 2.1906']"
test,187,5,0.4,-0.2,8,"['slope_ema_60m_normalized <= 0.0000', 'price_z > -1.0372', 'minute_of_day <= 610.5000', 'ema_60m_normalized > 0.0002', 'volatility_60m > 0.0019', 'dist_from_low_30m > 0.0074', 'volatility_60m <= 0.0050', 'momentum_60m > -0.0038']"
test,49,1,1.0,1.0,8,"['slope_ema_60m_normalized <= 0.0000', 'price_z <= -1.0372', 'minute_of_day <= 203.5000', 'ema_60m_normalized > 0.0013', 'day_of_week <= 1.5000', 'momentum_30m > -0.0306', 'slope_ema_15m_normalized > -0.0000', 'volatility_30m <= 0.0003']"
test,436,0,0.0,0.0,8,"['slope_ema_60m_normalized > 0.0000', 'price_normalized > 0.0008', 'atr_14 <= 0.0006', 'price_normalized > 0.0019', 'day_of_week > 3.5000', 'macd_normalized <= 0.0027', 'volatility_30m > 0.0011', 'ema_60m_z > 1.9684']"
test,41,0,0.0,0.0,7,"['slope_ema_60m_normalized <= 0.0000', 'price_z <= -1.0372', 'minute_of_day <= 203.5000', 'ema_60m_normalized > 0.0013', 'day_of_week <= 1.5000', 'momentum_30m <= -0.0306', 'volatility_30m > 0.0053']"
test,481,0,0.0,0.0,8,"['slope_ema_60m_normalized > 0.0000', 'price_normalized > 0.0008', 'atr_14 > 0.0006', 'volatility_15m > 0.0017', 'minute_of_day <= 848.5000', 'macd_signal_normalized <= 0.0122', 'macd_histogram_normalized <= -0.0002', 'momentum_60m > 0.0215']"
test,23,0,0.0,0.0,8,"['slope_ema_60m_normalized <= 0.0000', 'price_z <= -1.0372', 'minute_of_day <= 203.5000', 'ema_60m_normalized <= 0.0013', 'atr_14 > 0.0002', 'volatility_60m <= 0.0001', 'macd_signal_normalized <= -0.0003', 'volatility_30m <= 0.0002']"
test,99,0,0.0,0.0,7,"['slope_ema_60m_normalized <= 0.0000', 'price_z <= -1.0372', 'minute_of_day > 203.5000', 'dist_from_low_30m > 0.0011', 'momentum_60m <= -0.0244', 'momentum_30m <= -0.0239', 'minute_of_day <= 606.0000']"
test,16,0,0.0,0.0,8,"['slope_ema_60m_normalized <= 0.0000', 'price_z <= -1.0372', 'minute_of_day <= 203.5000', 'ema_60m_normalized <= 0.0013', 'atr_14 <= 0.0002', 'dist_from_high_30m > -0.0008', 'ema_60m_z <= -2.4093', 'hour_of_day > 2.5000']"
test,71,0,0.0,0.0,8,"['slope_ema_60m_normalized <= 0.0000', 'price_z <= -1.0372', 'minute_of_day > 203.5000', 'dist_from_low_30m <= 0.0011', 'macd_signal_normalized <= -0.0014', 'volatility_60m <= 0.0002', 'minute_of_day <= 944.0000', 'dist_from_high_30m <= -0.0043']"
test,73,24,0.4583333333333333,-0.08333333333333333,7,"['slope_ema_60m_normalized <= 0.0000', 'price_z <= -1.0372', 'minute_of_day > 203.5000', 'dist_from_low_30m <= 0.0011', 'macd_signal_normalized <= -0.0014', 'volatility_60m <= 0.0002', 'minute_of_day > 944.0000']"
test,104,2,1.0,1.0,8,"['slope_ema_60m_normalized <= 0.0000', 'price_z <= -1.0372', 'minute_of_day > 203.5000', 'dist_from_low_30m > 0.0011', 'momentum_60m <= -0.0244', 'momentum_30m <= -0.0239', 'minute_of_day > 606.0000', 'minute_of_day > 616.5000']"
test,100,0,0.0,0.0,8,"['slope_ema_60m_normalized <= 0.0000', 'price_z <= -1.0372', 'minute_of_day > 203.5000', 'dist_from_low_30m > 0.0011', 'momentum_60m <= -0.0244', 'momentum_30m <= -0.0239', 'minute_of_day <= 606.0000', 'momentum_60m <= -0.0253']"
test,460,0,0.0,0.0,8,"['slope_ema_60m_normalized > 0.0000', 'price_normalized > 0.0008', 'atr_14 > 0.0006', 'volatility_15m <= 0.0017', 'ema_30m_z <= 1.2916', 'volatility_30m > 0.0007', 'volatility_60m > 0.0022', 'ema_15m_normalized > 0.0014']"
test,489,0,0.0,0.0,7,"['slope_ema_60m_normalized > 0.0000', 'price_normalized > 0.0008', 'atr_14 > 0.0006', 'volatility_15m > 0.0017', 'minute_of_day <= 848.5000', 'macd_signal_normalized > 0.0122', 'minute_of_day > 496.5000']"
test,492,0,0.0,0.0,7,"['slope_ema_60m_normalized > 0.0000', 'price_normalized > 0.0008', 'atr_14 > 0.0006', 'volatility_15m > 0.0017', 'minute_of_day > 848.5000', 'atr_14 <= 0.0027', 'volatility_30m <= 0.0016']"
test,495,0,0.0,0.0,8,"['slope_ema_60m_normalized > 0.0000', 'price_normalized > 0.0008', 'atr_14 > 0.0006', 'volatility_15m > 0.0017', 'minute_of_day > 848.5000', 'atr_14 <= 0.0027', 'volatility_30m > 0.0016', 'macd_signal_normalized > 0.0044']"
test,292,2,0.5,0.0,8,"['slope_ema_60m_normalized > 0.0000', 'price_normalized <= 0.0008', 'minute_of_day <= 913.5000', 'rsi_14 > 73.9262', 'ema_30m_z <= -0.2978', 'rsi_14 <= 91.0142', 'rsi_14 <= 86.2623', 'slope_ema_30m_normalized <= 0.0000']"
test,302,0,0.0,0.0,8,"['slope_ema_60m_normalized > 0.0000', 'price_normalized <= 0.0008', 'minute_of_day <= 913.5000', 'rsi_14 > 73.9262', 'ema_30m_z <= -0.2978', 'rsi_14 > 91.0142', 'ema_60m_z > 0.0072', 'macd_histogram_normalized <= 0.0002']"
test,190,0,0.0,0.0,8,"['slope_ema_60m_normalized <= 0.0000', 'price_z > -1.0372', 'minute_of_day <= 610.5000', 'ema_60m_normalized > 0.0002', 'volatility_60m > 0.0019', 'dist_from_low_30m > 0.0074', 'volatility_60m > 0.0050', 'price_normalized > -0.0205']"
test,374,5,0.8,0.6,8,"['slope_ema_60m_normalized > 0.0000', 'price_normalized <= 0.0008', 'minute_of_day > 913.5000', 'minute_of_day > 939.5000', 'minute_of_day > 982.5000', 'volatility_30m <= 0.0001', 'dist_from_low_30m > 0.0011', 'slope_ema_60m_normalized > 0.0000']"
test,381,0,0.0,0.0,8,"['slope_ema_60m_normalized > 0.0000', 'price_normalized <= 0.0008', 'minute_of_day > 913.5000', 'minute_of_day > 939.5000', 'minute_of_day > 982.5000', 'volatility_30m > 0.0001', 'bb_position_20 > 0.8035', 'momentum_60m > 0.0028']"
test,39,0,0.0,0.0,8,"['slope_ema_60m_normalized <= 0.0000', 'price_z <= -1.0372', 'minute_of_day <= 203.5000', 'ema_60m_normalized > 0.0013', 'day_of_week <= 1.5000', 'momentum_30m <= -0.0306', 'volatility_30m <= 0.0053', 'slope_ema_60m_normalized <= -0.0007']"
test,42,0,0.0,0.0,8,"['slope_ema_60m_normalized <= 0.0000', 'price_z <= -1.0372', 'minute_of_day <= 203.5000', 'ema_60m_normalized > 0.0013', 'day_of_week <= 1.5000', 'momentum_30m <= -0.0306', 'volatility_30m > 0.0053', 'ema_60m_z <= -2.0434']"
test,496,0,0.0,0.0,6,"['slope_ema_60m_normalized > 0.0000', 'price_normalized > 0.0008', 'atr_14 > 0.0006', 'volatility_15m > 0.0017', 'minute_of_day > 848.5000', 'atr_14 > 0.0027']"
